firstname,lastname,birthDate,email,phone,street,houseNumber,city,country,postalCode
Philip,Gutierrez,9/9/1988,pgutierrez0@ezinearticles.com,642494814,Cambridge,0,Khulna,Bangladesh,9242
Raymond,Gordon,9/21/1990,rgordon1@telegraph.co.uk,901879581,Luster,75,Harstad,Norway,9498
Jack,Roberts,3/27/1990,jroberts2@utexas.edu,569225269,Schlimgen,93,Bayanbaraat,Mongolia,
Louise,Crawford,3/29/1996,lcrawford3@prnewswire.com,776102883,Dorton,5,Nowshahr,Iran,
Gerald,Edwards,11/23/1982,gedwards4@reference.com,715612274,Stoughton,8,Caoyan,China,
Nicholas,Murray,9/2/1986,nmurray5@cnn.com,945154682,Claremont,388,Jaroměřice,Czech Republic,569 44
Linda,Phillips,10/2/1995,lphillips6@va.gov,728823660,Colorado,36,Miami,United States,33169
Stephanie,Jones,5/15/1984,sjones7@walmart.com,752198597,Marcy,381,Kefar Yona,Israel,
Walter,Griffin,10/31/1987,wgriffin8@state.gov,994550008,Arrowood,140,Oster,Russia,216642
Shawn,Stephens,12/12/1975,sstephens9@123-reg.co.uk,548701345,Ruskin,4,Amberd,Armenia,
Jeremy,Medina,1/14/1980,jmedinaa@accuweather.com,893497819,Schmedeman,1,Pokrovka,Kyrgyzstan,
Sarah,Berry,11/27/1991,sberryb@so-net.ne.jp,859453239,Lerdahl,2,Malakand,Pakistan,23050
Jeffrey,Lawrence,2/20/1985,jlawrencec@army.mil,577619615,Dawn,4757,Nangerang,Indonesia,
Howard,Rose,11/29/1997,hrosed@tinypic.com,988665690,Sullivan,30746,Dingzhai,China,
Janice,Rodriguez,6/10/1980,jrodrigueze@infoseek.co.jp,770365091,Kipling,353,Isoka,Zambia,
Jerry,Diaz,2/25/1995,jdiazf@hexun.com,854100681,Petterle,6940,Leipsoí,Greece,
Victor,Cooper,5/9/1991,vcooperg@youtube.com,635201122,Amoth,7,Sindang,Indonesia,
Marie,Perez,4/30/1992,mperezh@ow.ly,517322673,American,0578,Gardinovci,Serbia,
Bruce,Perez,9/6/1994,bperezi@merriam-webster.com,595862466,Bobwhite,11,Banjar Banyuning Barat,Indonesia,
Mary,Porter,6/12/1972,mporterj@amazon.co.uk,688865100,Menomonie,5,Carquefou,France,44474 CEDEX
Kenneth,Cook,1/9/1999,kcookk@yandex.ru,837789566,Portage,0,Sokolovo,Russia,412478
Nicole,Torres,7/29/1979,ntorresl@miibeian.gov.cn,942459485,Maryland,11,Taoyuan,China,
Christine,Gonzalez,2/24/1971,cgonzalezm@symantec.com,715921880,Waubesa,853,Tongzilin,China,
Scott,Stanley,10/28/1976,sstanleyn@spiegel.de,947062181,Tomscot,820,Melaka,Malaysia,75610
Emily,Montgomery,6/6/1978,emontgomeryo@acquirethisname.com,812195904,Hoepker,895,Tondabayashichō,Japan,589-0013
Samuel,Fuller,3/7/1976,sfullerp@smh.com.au,745398778,Buhler,564,Menggala,Indonesia,
Carolyn,Reynolds,10/8/1984,creynoldsq@samsung.com,661661521,Drewry,89,Guling,China,
Joe,Stone,4/1/1996,jstoner@domainmarket.com,877433284,Pankratz,86239,Anadia,Portugal,3780-204
Ruth,Parker,1/1/1995,rparkers@blog.com,730032668,Claremont,31,Pasto,Colombia,520039
Dennis,Harvey,2/17/1980,dharveyt@w3.org,747596553,Stone Corner,6768,Pingshi,China,
Anna,Kim,4/26/1993,akimu@sun.com,907482137,Mayfield,69284,Saint Petersburg,United States,33710
Arthur,Griffin,1/6/1979,agriffinv@360.cn,851374431,Briar Crest,528,Jiangduo,China,
Ruby,Marshall,9/10/1972,rmarshallw@nydailynews.com,871522810,Miller,04,San Luis Ixcán,Guatemala,09022
Lisa,Stephens,1/4/1990,lstephensx@nytimes.com,606845115,Village Green,617,Khānaqāh,Afghanistan,
Eugene,Henderson,10/24/1989,ehendersony@earthlink.net,643708236,Schlimgen,9169,Karolino-Buhaz,Ukraine,
David,Russell,12/22/1980,drussellz@tinypic.com,639510973,Roth,4694,Pandak,Indonesia,
Kenneth,White,5/9/1981,kwhite10@zdnet.com,690300703,Superior,1327,Taraju,Indonesia,
Alice,Phillips,5/22/1993,aphillips11@bravesites.com,890634149,Clove,56953,Laboulaye,Argentina,5120
Virginia,Boyd,6/30/1996,vboyd12@dyndns.org,684318876,Forster,69,Qalqīlyah,Palestinian Territory,
Ann,Wheeler,9/12/1973,awheeler13@rediff.com,959626546,Kinsman,89,West End,Bahamas,
Walter,Burke,10/19/1984,wburke14@comsenz.com,707829783,Loeprich,99928,Shushicë,Albania,
Victor,Hunter,6/23/1971,vhunter15@netlog.com,887193048,Katie,0026,Sanhe,China,
John,Garrett,2/14/1977,jgarrett16@mozilla.com,753627567,Bowman,0486,Imām Şāḩib,Afghanistan,
George,Rodriguez,1/11/1984,grodriguez17@google.cn,919580075,Orin,5409,Liangshuijing,China,
Beverly,Gutierrez,3/28/1982,bgutierrez18@arstechnica.com,757196926,Prairie Rose,5,Raoyang,China,
Mildred,Dunn,6/29/1973,mdunn19@nih.gov,720231918,Little Fleur,147,Río de Oro,Colombia,205048
Tammy,Martin,12/27/1970,tmartin1a@mail.ru,868093121,Morningstar,2,São Miguel do Guamá,Brazil,68660-000
Emily,Perry,11/16/1987,eperry1b@acquirethisname.com,885036813,Melvin,094,Teknāf,Bangladesh,4762
Benjamin,Black,2/3/1993,bblack1c@cnet.com,964133217,Quincy,593,Kauniainen,Finland,02701
Betty,Banks,7/10/1974,bbanks1d@ameblo.jp,946955629,Mcbride,2,Shinaihai,China,
Jack,Olson,6/16/1986,jolson1e@samsung.com,503059466,Stone Corner,456,Chervonohryhorivka,Ukraine,
Sarah,Taylor,6/27/1971,staylor1f@tinypic.com,578279787,Acker,3,Lianokládhion,Greece,
Gregory,Rose,6/2/1992,grose1g@intel.com,526034963,Mockingbird,023,San Miguel,Mexico,30560
Margaret,Cox,2/25/1971,mcox1h@bbc.co.uk,635862356,Monterey,395,Gostynin,Poland,09-500
Jessica,Alvarez,12/3/1976,jalvarez1i@forbes.com,858784137,Ruskin,164,Pawa,Philippines,4501
Anna,Lawrence,4/17/1983,alawrence1j@github.com,808646287,Westport,4383,Shuangquan,China,
Donald,Wood,2/12/1999,dwood1k@noaa.gov,722303082,Oak,4869,Gävle,Sweden,802 66
Teresa,Webb,3/29/1992,twebb1l@nsw.gov.au,819431225,Red Cloud,5169,Bokor,Indonesia,
Melissa,Rivera,10/4/1970,mrivera1m@auda.org.au,842582926,Sunfield,54,Bamenda,Cameroon,
Gary,Fox,1/15/1994,gfox1n@dot.gov,530972606,Packers,18575,Malishka,Armenia,
James,Ward,12/20/1995,jward1o@upenn.edu,503223347,Parkside,05145,Hino,Japan,919-0222
Sharon,Sims,12/12/1978,ssims1p@cnbc.com,644603822,Arrowood,37,Xianghu,China,
Jose,Sanchez,3/10/2000,jsanchez1q@booking.com,778076727,2nd,0,Margotuhu Kidul,Indonesia,
Margaret,Bishop,3/8/1983,mbishop1r@discovery.com,891464069,Graceland,10,Afonsoeiro,Portugal,2870-013
Willie,Ferguson,3/28/1990,wferguson1s@sakura.ne.jp,801952997,Mandrake,0865,Minyue,China,
Jeffrey,Richards,12/10/1976,jrichards1t@over-blog.com,753894786,Ludington,025,Magang,China,
Deborah,Hill,11/25/1992,dhill1u@ft.com,753606587,Pond,046,Kamensk-Ural’skiy,Russia,623462
Barbara,Williamson,4/15/1983,bwilliamson1v@ucla.edu,728458480,Lerdahl,62,Gyumri,Armenia,
Brenda,Richardson,3/22/1988,brichardson1w@usa.gov,900351032,6th,0,Yambio,South Sudan,
Philip,Bryant,9/23/1997,pbryant1x@pbs.org,832019861,Sycamore,87462,Miao’ergou,China,
Jennifer,Nichols,7/3/1987,jnichols1y@usnews.com,742846486,Montana,2765,Hukou,China,
Victor,Carroll,5/16/1990,vcarroll1z@icio.us,890864506,Acker,33794,Jiexiu,China,
Sarah,Fields,5/26/1972,sfields20@miibeian.gov.cn,512641137,Lien,01,Avarua,Cook Islands,
Timothy,Berry,12/3/1997,tberry21@infoseek.co.jp,848681408,Erie,53,Platičevo,Serbia,
Lois,Rogers,5/30/1992,lrogers22@livejournal.com,829353278,High Crossing,09,Markaz-e Woluswalī-ye Āchīn,Afghanistan,
Henry,Diaz,7/24/1997,hdiaz23@rakuten.co.jp,870288944,Burrows,3280,Rača,Serbia,
Matthew,Williamson,4/3/1977,mwilliamson24@cyberchimps.com,580023260,American,9388,Kambatatamakawu,Indonesia,
Teresa,Harris,1/16/1996,tharris25@weebly.com,669366029,Garrison,65433,Weibin,China,
Chris,Fuller,9/13/1978,cfuller26@amazon.co.jp,646821754,Scofield,64928,Kalwaria Zebrzydowska,Poland,34-130
Bonnie,Thompson,3/29/1986,bthompson27@nba.com,671359569,Manley,32,Bogorame,Indonesia,
Craig,Hill,2/22/2000,chill28@netlog.com,902158685,Hauk,2,Monastyrshchina,Russia,603024
Thomas,Morris,3/29/1990,tmorris29@cisco.com,525235203,Village Green,6803,Mohelnice,Czech Republic,789 85
Lisa,Kennedy,6/27/1977,lkennedy2a@furl.net,976039901,Debs,73,Santa Fe,Philippines,6513
Alice,Ortiz,12/31/1996,aortiz2b@last.fm,687371865,Reinke,79,Amparafaravola,Madagascar,
Catherine,Rodriguez,2/3/1995,crodriguez2c@webs.com,933266830,Carberry,235,Zengtian,China,
Amy,Brooks,8/11/1972,abrooks2d@google.com.hk,720052546,Delladonna,9,Rimbo,Sweden,762 91
Emily,Hanson,10/26/1990,ehanson2e@redcross.org,667443344,West,53,Qorveh,Iran,
Albert,Lawrence,6/2/1997,alawrence2f@ucoz.ru,821460017,Heffernan,7,Gandu,Brazil,45450-000
Timothy,Freeman,4/22/1982,tfreeman2g@house.gov,822010293,Novick,39,Huangdao,China,
Victor,Wilson,1/31/1973,vwilson2h@cnn.com,699115170,Magdeline,0771,Sanjiazi,China,
Beverly,Allen,11/1/1975,ballen2i@google.fr,749589983,Lotheville,7035,Luanshya,Zambia,
Paul,Johnston,2/18/1983,pjohnston2j@yandex.ru,808630722,Kinsman,7213,Banjar Paangkelod,Indonesia,
David,Nelson,8/7/1972,dnelson2k@naver.com,718486534,Laurel,9611,Kupu,China,
Beverly,Rice,8/30/1984,brice2l@unesco.org,946533863,Hoard,7933,Basse-Terre,Guadeloupe,97102 CEDEX
Julia,Adams,7/14/1991,jadams2m@mac.com,984954127,Vera,4,Pendembu,Sierra Leone,
Alan,Rice,1/1/1988,arice2n@noaa.gov,857228645,Rutledge,14684,Wesoła,Poland,05-230
Lisa,Morales,6/1/1971,lmorales2o@sfgate.com,521411829,Kropf,908,Campinho,Portugal,7200-505
Jack,Peters,5/3/1998,jpeters2p@behance.net,796107323,Ludington,487,Mazhu,China,
Doris,Perkins,10/4/1990,dperkins2q@unblog.fr,556314250,New Castle,30351,Gon’ba,Russia,656903
Katherine,Medina,7/18/1973,kmedina2r@nationalgeographic.com,638732936,Colorado,1186,Baxiangshan,China,
Heather,Reed,12/24/1993,hreed2s@1und1.de,733747376,Dwight,1443,Kliwon Cibingbin,Indonesia,
Aaron,Taylor,4/7/1990,ataylor2t@google.ru,808341642,Cordelia,795,Ongandjera,Namibia,
Debra,Brooks,4/14/1981,dbrooks2u@wsj.com,693518346,Cambridge,4,Dankama,Nigeria,
Debra,Dean,3/7/1999,ddean2v@samsung.com,702182890,Mariners Cove,6673,Pavlodar,Kazakhstan,
Ashley,Hunter,12/15/1974,ahunter2w@wikimedia.org,575415897,Bluejay,151,Lirang,China,
Jose,Willis,2/27/1995,jwillis2x@google.com.au,775904843,Monterey,769,Vila Chã,Portugal,3505-209
Juan,Rodriguez,12/18/1994,jrodriguez2y@salon.com,946490180,Waywood,68,Cube,Ecuador,
Judy,Stewart,9/12/1997,jstewart2z@addtoany.com,987914010,Morrow,7570,Varniai,Lithuania,88050
Sara,Hawkins,11/23/1975,shawkins30@rakuten.co.jp,605751477,Park Meadow,7,Orodara,Burkina Faso,
Patrick,Russell,12/23/1992,prussell31@auda.org.au,687700663,Hermina,5758,Marondera,Zimbabwe,
Brenda,Bishop,3/14/1980,bbishop32@angelfire.com,721607996,Gulseth,9599,Petropavlivka,Ukraine,
Emily,Little,4/13/1994,elittle33@foxnews.com,958448122,Westerfield,3,Murfreesboro,United States,37131
Brenda,Brooks,7/7/1995,bbrooks34@naver.com,839492102,Reinke,3304,Chita,Russia,111721
Nicole,Boyd,9/14/1991,nboyd35@amazon.co.jp,871955250,Roxbury,4,Štoky,Czech Republic,582 53
Gregory,Ward,10/24/1997,gward36@bloomberg.com,939394216,Eastlawn,33403,Salavat,Russia,453259
Helen,Thomas,11/20/1976,hthomas37@naver.com,910584321,Drewry,0847,Yokohama,Japan,929-0341
Thomas,Tucker,8/5/1975,ttucker38@slashdot.org,840783871,Forest,2618,Jacksonville,United States,32230
Sean,Burke,10/12/1996,sburke39@tripadvisor.com,727666406,Emmet,88,Karasgede,Indonesia,
David,Bradley,9/20/1970,dbradley3a@bravesites.com,549587246,Grover,5,Stockholm,Sweden,120 16
Annie,Edwards,9/3/1989,aedwards3b@nifty.com,720871132,Cardinal,7978,Guaçuí,Brazil,29560-000
Linda,Robertson,7/27/1982,lrobertson3c@lycos.com,820349391,Hauk,0,Zgornje Bitnje,Slovenia,4220
Shawn,Chapman,11/4/1979,schapman3d@businesswire.com,924594765,Milwaukee,61,Kristianstad,Sweden,291 81
Norma,Spencer,6/29/1988,nspencer3e@businesswire.com,589335255,Northfield,27,Babat,Indonesia,
Kevin,Harper,8/31/1996,kharper3f@epa.gov,592325647,Paget,69999,Pasadena,United States,91131
Carol,James,6/10/1988,cjames3g@berkeley.edu,666994202,Cordelia,1,Karangmulya,Indonesia,
Ernest,Hernandez,7/5/1970,ehernandez3h@reference.com,783313913,Brickson Park,77,Hariang,Indonesia,
Sandra,Mills,12/13/1987,smills3i@networkadvertising.org,866173501,Hauk,61092,Valença do Douro,Portugal,5120-504
Louise,Peterson,9/20/1990,lpeterson3j@xinhuanet.com,888871119,2nd,440,Supu,China,
Lillian,Lawrence,4/14/1973,llawrence3k@last.fm,800848960,Rigney,21590,Jiangcun,China,
Julia,Johnston,12/17/1999,jjohnston3l@bravesites.com,651837028,Sutherland,8,Firenze,Italy,50136
Todd,Snyder,5/18/1995,tsnyder3m@biglobe.ne.jp,532279540,Heffernan,87,Tamuning-Tumon-Harmon Village,Guam,96913
Randy,Elliott,1/23/1993,relliott3n@xrea.com,746363511,Susan,1498,Bebekan,Indonesia,
Carolyn,Stephens,5/13/1980,cstephens3o@cam.ac.uk,867177908,4th,91,Beiyang,China,
Lois,Fisher,3/27/1983,lfisher3p@fotki.com,646365885,Victoria,7510,Jifarong,Gambia,
Julie,Black,8/10/1972,jblack3q@comcast.net,974287705,Fieldstone,327,Bazha,China,
Joseph,Myers,9/16/1992,jmyers3r@netlog.com,556751324,Sunfield,666,Sima,Comoros,
Rose,Diaz,1/29/1975,rdiaz3s@cam.ac.uk,999825997,Holmberg,4,Nova Varoš,Serbia,
Keith,Parker,9/30/1977,kparker3t@surveymonkey.com,604778505,Del Mar,040,Bangangté,Cameroon,
Stephen,Long,1/24/2000,slong3u@xing.com,553762924,Shoshone,79188,Rizal,Philippines,7104
Jesse,Daniels,11/30/1999,jdaniels3v@themeforest.net,951043732,Vahlen,11886,Paluan,Philippines,5107
Ronald,Jones,12/25/1997,rjones3w@tinyurl.com,912473111,Old Gate,83,Shijiang,China,
Susan,Palmer,11/5/1991,spalmer3x@posterous.com,676707135,Evergreen,0528,Bełk,Poland,44-247
Lawrence,Palmer,6/21/1970,lpalmer3y@theglobeandmail.com,652050842,Graedel,96217,Kasulu,Tanzania,
Rebecca,Ortiz,4/21/1976,rortiz3z@sogou.com,814859218,Tennessee,78841,Chongmin,China,
Nicole,Cox,11/21/1970,ncox40@ucsd.edu,873132124,Sutteridge,9,Ledok,Indonesia,
Margaret,Sanchez,3/30/1995,msanchez41@blogspot.com,965997057,Gale,74336,Issy-les-Moulineaux,France,92139 CEDEX
Timothy,Washington,7/5/1976,twashington42@topsy.com,792144626,Lien,97648,Karangharjo,Indonesia,
Antonio,Burns,10/12/1980,aburns43@arstechnica.com,611261491,Derek,784,Sanfang,China,
Michael,Gardner,12/9/1985,mgardner44@google.fr,593959526,Ridgeway,11,Shaxi,China,
Carl,Lawson,2/5/1996,clawson45@bizjournals.com,747532714,Cody,93,Utabi,Philippines,3508
Bonnie,Andrews,4/17/1993,bandrews46@dagondesign.com,677043164,Elka,11,Dajie,China,
Teresa,Fox,4/6/1994,tfox47@is.gd,957487944,Lawn,5846,Abakaliki,Nigeria,
Douglas,Ward,5/25/1971,dward48@irs.gov,517683198,Walton,392,Ghanzi,Botswana,
Cheryl,Thomas,4/2/1985,cthomas49@moonfruit.com,830664577,Spaight,2885,Santo Antônio do Içá,Brazil,69680-000
Jeffrey,Wood,9/22/1984,jwood4a@techcrunch.com,837349184,Blaine,9,Huanghua,China,
David,Mason,9/22/1976,dmason4b@behance.net,891074467,Oxford,1014,Añelo,Argentina,8305
Joan,Hicks,9/19/1995,jhicks4c@blogger.com,794272095,Mosinee,64,Businovo,Russia,141707
Henry,Miller,4/13/1974,hmiller4d@linkedin.com,719907391,Oriole,028,Ylöjärvi,Finland,33480
Steve,Oliver,11/12/1988,soliver4e@amazon.com,603523028,Little Fleur,7030,Atikokan,Canada,K1Y
Marie,Coleman,12/1/1973,mcoleman4f@census.gov,921349814,Clemons,83791,Manolo Fortich,Philippines,8703
Fred,Howell,3/6/1972,fhowell4g@kickstarter.com,541563146,Manufacturers,0,Kovylkino,Russia,431355
Sara,Dixon,12/21/1970,sdixon4h@squarespace.com,606990559,Mifflin,8230,Balungkopi,Indonesia,
Kelly,Pierce,5/15/1986,kpierce4i@biblegateway.com,769657567,Elmside,24268,Richmond,United States,23285
Earl,Mcdonald,5/31/1996,emcdonald4j@ibm.com,563623317,Cordelia,281,Bogotá,Colombia,111831
Amanda,Price,10/29/1994,aprice4k@clickbank.net,761906472,Sunbrook,75,Roissy Charles-de-Gaulle,France,95761 CEDEX 1
Joan,Ellis,12/13/1989,jellis4l@gizmodo.com,622765112,Carpenter,46,Piña,Philippines,3600
Barbara,Morris,9/8/1971,bmorris4m@ucoz.com,648935343,High Crossing,01447,Soacha,Colombia,250058
Jonathan,Medina,5/20/1985,jmedina4n@whitehouse.gov,739893559,Rutledge,70,Chon Daen,Thailand,67150
Heather,Lane,7/23/1983,hlane4o@npr.org,669686631,Fremont,3905,Lishu,China,
Martin,Fields,4/22/1987,mfields4p@whitehouse.gov,694203640,Melvin,01,Beizhakou,China,
Timothy,Burke,6/20/1991,tburke4q@4shared.com,729191241,Forest Dale,0,'s-Hertogenbosch,Netherlands,5234
Margaret,Medina,10/3/1998,mmedina4r@simplemachines.org,561649704,Clemons,75855,Hrvatini,Slovenia,6281
Brian,Dunn,9/4/1987,bdunn4s@utexas.edu,520234397,Parkside,664,Bugembe,Uganda,
Billy,Mason,5/17/1999,bmason4t@nifty.com,772837621,Bellgrove,6308,Itabuna,Brazil,45600-000
Debra,Riley,1/4/1990,driley4u@csmonitor.com,975347990,Old Gate,1482,Ceuta,Spain,51005
Eric,Peters,9/3/1993,epeters4v@indiatimes.com,746111613,Green Ridge,6336,Leigongjian,China,
Nancy,Torres,2/4/1991,ntorres4w@scientificamerican.com,955201096,Continental,39,Dalu,China,
Raymond,Ray,1/29/1980,rray4x@epa.gov,718481665,Sutteridge,85,Hénin-Beaumont,France,62254 CEDEX
Lori,Kelley,9/13/1986,lkelley4y@digg.com,670036497,Nova,39,Calilegua,Argentina,4514
Gregory,Garza,5/15/1981,ggarza4z@last.fm,608695489,Golden Leaf,8,Banaran,Indonesia,
Nancy,Richards,4/29/1994,nrichards50@nifty.com,564218723,Eggendart,707,Vila Nova Sintra,Cape Verde,
George,Morrison,11/5/1994,gmorrison51@sogou.com,544340489,Southridge,542,Pasauran,Indonesia,
Sean,Stanley,1/4/1991,sstanley52@godaddy.com,982567698,Texas,2341,Mollebamba,Peru,
Justin,Mason,11/7/1988,jmason53@woothemes.com,769053989,Anzinger,11,Puning,China,
Mildred,Stevens,10/31/1982,mstevens54@twitter.com,527096602,Coolidge,1173,Pulo,Philippines,1706
Diana,Welch,6/20/1990,dwelch55@umich.edu,509321012,Farwell,1,Monteros,Argentina,4142
Willie,Diaz,12/10/1995,wdiaz56@dmoz.org,615505541,Eastwood,932,Karangboyo,Indonesia,
Bonnie,Mitchell,7/11/1972,bmitchell57@instagram.com,736285212,Hovde,68159,Ropcha,Ukraine,
Victor,Edwards,1/5/1992,vedwards58@latimes.com,897547378,Chinook,2984,Cihe,China,
Antonio,Moore,9/23/1985,amoore59@bing.com,754209538,Lakeland,2114,Hilotongan,Philippines,3201
Jack,Morales,10/16/1996,jmorales5a@phpbb.com,513963746,Golf,379,Dacheng,China,
Michelle,Fields,2/11/1988,mfields5b@epa.gov,956493977,Maple,862,Barretos,Brazil,14780-000
Gary,Hawkins,5/28/1980,ghawkins5c@utexas.edu,617151982,Butterfield,363,Boyeros,Cuba,
Pamela,Perez,5/24/1984,pperez5d@sohu.com,626171816,Tony,496,Calingcing,Indonesia,
Nicole,Robinson,11/24/1998,nrobinson5e@diigo.com,595216562,Corben,8733,Talipan,Philippines,8201
Rachel,Meyer,7/27/1983,rmeyer5f@reddit.com,866321999,Stone Corner,260,Boavista,Portugal,4600-641
Robin,Knight,6/4/1980,rknight5g@sitemeter.com,618913603,Clarendon,7329,El Bauga,Sudan,
Jennifer,Bowman,12/29/1991,jbowman5h@loc.gov,734449140,Lillian,08105,Barrancabermeja,Colombia,687047
Andrew,Coleman,3/22/1984,acoleman5i@angelfire.com,724273887,Hanson,85,Casal Novo,Portugal,2440-024
Donna,Dunn,6/3/1990,ddunn5j@tinyurl.com,691346735,Transport,6,Isnā,Egypt,
Emily,Graham,12/1/1981,egraham5k@dot.gov,754435379,Fisk,35971,Datangzhuang,China,
Louis,Fuller,6/29/1993,lfuller5l@wikispaces.com,538557556,Mitchell,9368,Padangbai,Indonesia,
Stephen,Medina,12/3/1997,smedina5m@1688.com,965773684,Truax,71743,Keratéa,Greece,
Evelyn,Castillo,2/23/1975,ecastillo5n@pinterest.com,727740775,Barnett,86,Wotho,Marshall Islands,96960
Kimberly,Fowler,12/9/1983,kfowler5o@hugedomains.com,898147046,Schurz,20821,Kakamega,Kenya,
Kathleen,Parker,11/7/1985,kparker5p@kickstarter.com,523585777,Annamark,2,Syktyvkar,Russia,167032
Frances,Garza,8/15/1987,fgarza5q@ftc.gov,789640737,Carioca,7,Vicente Guerrero,Mexico,92440
Gerald,Cooper,8/30/1982,gcooper5r@loc.gov,541135228,John Wall,919,Fernando Gutierrez Barrios,Mexico,93420
Sharon,Dixon,9/24/1985,sdixon5s@youtu.be,656324437,Dexter,9085,Alannay,Philippines,3524
Kathleen,Mills,5/25/1971,kmills5t@lycos.com,983670129,Porter,1314,Lahoysk,Belarus,
Jack,Simpson,8/10/1997,jsimpson5u@wufoo.com,524069563,Ridgeway,4,Itéa,Greece,
Antonio,Morrison,1/17/1972,amorrison5v@de.vu,915426956,Moulton,9,Munjul,Indonesia,
Ruby,Armstrong,8/30/1985,rarmstrong5w@amazonaws.com,896534631,Thierer,333,Nusajaya,Malaysia,79632
Carlos,Gray,5/2/1970,cgray5x@umich.edu,665752544,Upham,307,Wuxihe,China,
Steve,Diaz,11/5/1988,sdiaz5y@last.fm,996293963,Sauthoff,728,Parrita,Costa Rica,60901
Beverly,Price,12/12/1991,bprice5z@surveymonkey.com,727488186,Stoughton,218,Jacareí,Brazil,12300-000
Dorothy,Kelly,7/3/1981,dkelly60@washingtonpost.com,576161801,Anderson,57395,Kitwe,Zambia,
Theresa,Payne,2/15/1977,tpayne61@xing.com,541703669,Maryland,11,Jangkat,Indonesia,
Susan,Jenkins,6/27/1973,sjenkins62@archive.org,706238493,Fulton,36895,Bernal,Peru,
Heather,Diaz,6/22/1988,hdiaz63@reuters.com,940423537,Cody,315,Paraíba do Sul,Brazil,25850-000
Philip,Alvarez,8/21/1991,palvarez64@t-online.de,904526744,Ridge Oak,2126,Melgar,Colombia,734007
Clarence,Knight,12/5/1994,cknight65@xing.com,685644751,Erie,31,Xiangxi,China,
Scott,Fields,3/18/1998,sfields66@hibu.com,751861070,Blackbird,3,Armação de Búzios,Brazil,89790-000
Benjamin,Harper,11/19/1971,bharper67@wix.com,984873592,Emmet,356,Ārifwāla,Pakistan,50770
Cynthia,Porter,6/25/1980,cporter68@princeton.edu,990610249,Judy,1715,Conceição da Feira,Brazil,44320-000
Joe,Sullivan,10/5/1986,jsullivan69@newyorker.com,878644422,Huxley,65450,Dampol,Indonesia,
Angela,Carroll,11/17/1990,acarroll6a@businesswire.com,841478412,Welch,393,Maloco,Philippines,5613
Margaret,Allen,12/19/1998,mallen6b@java.com,654036022,Jay,240,Uyo,Nigeria,
Louise,Rice,2/11/1975,lrice6c@nyu.edu,541640435,Goodland,63218,Lincoln,United States,68517
Richard,Ruiz,10/10/1973,rruiz6d@last.fm,918870713,Elka,9050,Citatah Kaler,Indonesia,
Wayne,Dean,11/13/1974,wdean6e@about.com,784027596,Union,7527,Singa,Peru,
Helen,Harrison,5/8/1970,hharrison6f@facebook.com,672328318,Clarendon,34284,Hanji,China,
Roger,Hicks,4/9/1970,rhicks6g@mtv.com,995007934,Drewry,93,Airuk,Marshall Islands,96960
Jesse,Carroll,3/11/1997,jcarroll6h@guardian.co.uk,523082542,Manley,2,Oqtosh,Uzbekistan,
Bruce,Johnston,10/10/1983,bjohnston6i@oracle.com,819752647,Harbort,4920,Longxi,China,
Walter,Kim,2/24/1977,wkim6j@seattletimes.com,575403894,Northland,184,Saint Paul,United States,55123
Judy,Henderson,3/1/2000,jhenderson6k@cdbaby.com,983370123,Pierstorff,007,Banikoara,Benin,
Marilyn,Powell,4/23/1976,mpowell6l@elpais.com,752571573,Miller,85126,Lijiang,China,
Howard,Hunt,3/3/1978,hhunt6m@deviantart.com,518622505,Dexter,84254,Manabo,Philippines,2810
Jose,Jones,12/1/1971,jjones6n@amazonaws.com,996215225,Roth,268,Sinchao,Peru,
Lillian,Perez,9/4/1974,lperez6o@businessinsider.com,994747037,Delaware,1,Mamu,China,
Jose,Weaver,11/30/1980,jweaver6p@europa.eu,842005074,Stang,6350,Taquarituba,Brazil,18740-000
Brian,Brown,8/2/1986,bbrown6q@google.nl,616211520,Mcbride,39,Lleida,Spain,25198
Edward,Fisher,3/6/1992,efisher6r@jiathis.com,543703224,Green Ridge,2528,Nam Kliang,Thailand,33130
Mark,Knight,11/11/1983,mknight6s@cbslocal.com,830239887,Warner,8231,Cibitung,Indonesia,
Carl,Graham,11/11/1986,cgraham6t@tinypic.com,750995426,Northridge,284,Yudai,China,
William,Coleman,1/30/1975,wcoleman6u@va.gov,964776295,Old Shore,5,Liqiao,China,
Joe,Spencer,11/12/1975,jspencer6v@reverbnation.com,970511801,Thompson,984,Marsa Alam,Egypt,
Chris,Roberts,3/30/1993,croberts6w@geocities.com,943588398,Burrows,5582,Solomenskoye,Russia,357937
Ann,Gardner,2/9/1994,agardner6x@free.fr,833301411,High Crossing,52,Kalatongke,China,
Lori,Hansen,8/31/1999,lhansen6y@thetimes.co.uk,764216506,Swallow,4744,Não Me Toque,Brazil,99470-000
Charles,Taylor,2/16/1988,ctaylor6z@plala.or.jp,618495913,Twin Pines,64511,Takahama,Japan,880-2215
Steven,Tucker,9/12/1993,stucker70@networksolutions.com,972489379,Boyd,9,Rende,China,
Ronald,Gibson,2/6/1981,rgibson71@cornell.edu,888130446,Helena,5,La Joya,Mexico,37600
Jonathan,Cunningham,2/4/2000,jcunningham72@trellian.com,659778258,Lindbergh,726,Kuanheum,Indonesia,
Gloria,Young,5/6/1984,gyoung73@t.co,621212479,Kenwood,05859,Cesvaine,Latvia,
Scott,Tucker,4/4/1970,stucker74@seesaa.net,550742490,Westerfield,58153,Malhão,Portugal,8150-045
Julia,Day,7/5/1982,jday75@dion.ne.jp,727518424,Kennedy,2,Yidu,China,
Brenda,Jones,4/8/1982,bjones76@hibu.com,998164219,Briar Crest,081,Zhangxiang,China,
Dorothy,Ray,3/17/1983,dray77@amazon.com,911326847,Coolidge,92,Goujie,China,
Eugene,Spencer,8/13/1996,espencer78@shinystat.com,926125429,Old Gate,9,Khasht’arrak,Armenia,
Cheryl,Wood,6/7/1997,cwood79@marriott.com,714277371,Steensland,6,Minyat an Naşr,Egypt,
Tammy,Garcia,5/20/1999,tgarcia7a@cmu.edu,824891047,American Ash,5887,Langres,France,52204 CEDEX
Sarah,Daniels,3/21/1994,sdaniels7b@webnode.com,958043902,Blackbird,7819,Demak,Indonesia,
Marie,Williams,3/9/1972,mwilliams7c@addthis.com,805490038,Upham,4318,Bauang,Philippines,2501
Ruth,Nelson,4/25/1993,rnelson7d@addtoany.com,625613994,Acker,62799,Valencia,Spain,46015
Helen,Kelly,6/6/1975,hkelly7e@nydailynews.com,941565016,Summit,1666,Petrivka,Ukraine,
Bruce,Scott,3/7/1989,bscott7f@ebay.com,827672093,Sage,44632,Yuecheng,China,
John,Fernandez,3/21/1981,jfernandez7g@gov.uk,891319098,Cardinal,11439,Buea,Cameroon,
Antonio,Hicks,8/8/1998,ahicks7h@a8.net,882271696,Orin,37,Dordrecht,Netherlands,3309
Janice,Williams,1/9/1996,jwilliams7i@simplemachines.org,807469740,Sloan,011,Alcabideche,Portugal,2645-024
Nancy,Harrison,12/15/1972,nharrison7j@ocn.ne.jp,643140402,Coolidge,3751,Carapo,Peru,
Jacqueline,Medina,12/21/1990,jmedina7k@angelfire.com,564398089,Rutledge,07816,Rodionovo-Nesvetayskaya,Russia,346580
Albert,Gardner,11/4/1991,agardner7l@histats.com,709676577,Westerfield,2201,Manicahan,Philippines,6503
Dorothy,Castillo,6/26/1986,dcastillo7m@devhub.com,845211245,Autumn Leaf,8,Chanthaburi,Thailand,24120
Sandra,Weaver,6/13/1999,sweaver7n@discuz.net,897114422,Merchant,29321,Landi Kotal,Pakistan,24740
Frank,Cunningham,2/9/1986,fcunningham7o@mashable.com,897970093,Eggendart,3,Whakatane,New Zealand,3158
Johnny,Wilson,3/24/1998,jwilson7p@businessinsider.com,855878837,Gerald,59021,Vila Real de Santo António,Portugal,8900-205
Howard,Castillo,11/21/1985,hcastillo7q@multiply.com,544929467,Schurz,8202,Besançon,France,25045 CEDEX
Dorothy,Reynolds,7/15/1985,dreynolds7r@exblog.jp,918813145,Kennedy,5363,Roubaix,France,59073 CEDEX 1
Elizabeth,Simmons,2/8/1999,esimmons7s@netscape.com,775038799,Dorton,14295,Donggang,China,
Joyce,Jackson,8/13/1995,jjackson7t@zimbio.com,962417007,Montana,63481,Dijon,France,21900 CEDEX 9
Mary,Burton,1/4/1991,mburton7u@blogs.com,841863789,School,7936,Katori-shi,Japan,311-2426
Frances,Marshall,10/31/1997,fmarshall7v@posterous.com,537480275,Prairie Rose,3998,Quixadá,Brazil,63900-000
Richard,Jacobs,9/6/1973,rjacobs7w@last.fm,574196957,Springs,4,Kuzhuping,China,
Phyllis,Greene,11/5/1972,pgreene7x@netscape.com,515603826,Scoville,4,Krajan Suco,Indonesia,
Joseph,Henderson,10/5/1999,jhenderson7y@kickstarter.com,811262357,Red Cloud,80616,Minamata,Japan,869-5604
Gary,Rice,11/4/1989,grice7z@google.cn,870881326,Golf View,08,Katakwi,Uganda,
Kimberly,Lane,7/3/1997,klane80@si.edu,861344116,Steensland,6182,København,Denmark,1787
Christopher,Peters,12/12/1990,cpeters81@abc.net.au,681967415,Dawn,767,Gebre Guracha,Ethiopia,
Cheryl,Castillo,5/26/1990,ccastillo82@spotify.com,713701733,Summit,4,Yasenskaya,Russia,353673
Judy,Sullivan,3/16/1973,jsullivan83@cnn.com,900543442,Grasskamp,432,Almargem do Bispo,Portugal,2715-217
Howard,Carter,5/29/1994,hcarter84@trellian.com,946960018,Judy,18,‘Arīshah,Syria,
Rachel,Stone,1/26/1979,rstone85@simplemachines.org,992316940,Declaration,60019,Bajia,China,
Jose,Wallace,7/19/1978,jwallace86@weather.com,795091389,Almo,44418,Berlin,Germany,12683
Doris,Brooks,8/31/1990,dbrooks87@flickr.com,586625447,Drewry,46109,Zhenqiao,China,
Kathy,Austin,3/12/1998,kaustin88@si.edu,552127325,Sunbrook,35591,Kertanegla,Indonesia,
Andrew,Black,7/2/1976,ablack89@npr.org,972731059,Chinook,8012,Kuangshan,China,
Bobby,Day,6/20/1973,bday8a@psu.edu,861965802,Cambridge,2527,Pouébo,New Caledonia,98824
Jason,Daniels,2/6/1975,jdaniels8b@360.cn,998156569,Orin,8965,Wangji,China,
Johnny,Ford,9/30/1984,jford8c@godaddy.com,564450316,Esch,17958,Liangshuihe,China,
Kathy,Patterson,3/21/1999,kpatterson8d@bluehost.com,906463873,Oak Valley,43,Somorpenang,Indonesia,
Judith,Reynolds,1/4/1988,jreynolds8e@miibeian.gov.cn,691670735,Thackeray,51,Kil,Sweden,665 33
Mary,Griffin,10/31/1979,mgriffin8f@indiegogo.com,837660366,Main,9,Cà Mau,Vietnam,
Margaret,Lawrence,9/25/1975,mlawrence8g@sphinn.com,901953619,Mifflin,171,Marvdasht,Iran,
Gloria,Patterson,11/28/1995,gpatterson8h@tmall.com,793838208,Macpherson,41,Yahe,China,
Marilyn,Taylor,5/7/1984,mtaylor8i@princeton.edu,953683632,Reinke,006,Caçapava,Brazil,12280-000
Carol,Davis,5/15/1989,cdavis8j@mayoclinic.com,783937507,Knutson,0271,Dagar,China,
John,Griffin,12/3/1975,jgriffin8k@stanford.edu,539637170,Coleman,6,Bharatpur,Nepal,
Christina,Wells,2/26/1998,cwells8l@umich.edu,899324068,Hauk,74768,Sąspów,Poland,32-082
Laura,Gardner,11/7/1980,lgardner8m@arizona.edu,862857311,Graedel,66466,Surcubamba,Peru,
Paula,Garrett,10/12/1977,pgarrett8n@i2i.jp,673525452,Iowa,2,Suphan Buri,Thailand,44130
Scott,Chapman,12/17/1996,schapman8o@seesaa.net,875075950,Corry,11637,Hekou,China,
Christine,Bell,7/6/1994,cbell8p@rakuten.co.jp,663242153,Portage,06,Néma,Mauritania,
Kevin,Meyer,3/19/1977,kmeyer8q@sina.com.cn,890784011,Shopko,38,Humniska,Poland,36-206
Clarence,Hall,10/4/1982,chall8r@howstuffworks.com,661166840,Granby,047,Dashuipo,China,
Amy,Murphy,5/31/1974,amurphy8s@istockphoto.com,862652426,South,185,Novi Bilokorovychi,Ukraine,
Michael,Lawrence,10/25/1996,mlawrence8t@cafepress.com,925710748,Hanson,02556,Celje,Slovenia,3600
Andrew,Reynolds,1/4/1991,areynolds8u@indiatimes.com,617520851,Katie,583,Břasy,Czech Republic,338 24
Jerry,Taylor,10/28/1984,jtaylor8v@mashable.com,745743499,Esch,4,Balindong,Philippines,9318
Louise,Hughes,1/25/1979,lhughes8w@jugem.jp,823276151,Independence,0858,Qorashina,Uzbekistan,
Jennifer,Carroll,6/10/1991,jcarroll8x@china.com.cn,985101431,Armistice,7,Wenquan,China,
Thomas,Price,2/28/1997,tprice8y@independent.co.uk,688796880,Buena Vista,82654,Sergio Osmeña Sr,Philippines,7108
Joseph,Perry,9/22/1971,jperry8z@independent.co.uk,645762876,Bartelt,35,Bronx,United States,10459
Norma,Hicks,1/9/1990,nhicks90@devhub.com,952937698,Crownhardt,61987,Aracaju,Brazil,49000-000
Douglas,Nelson,11/26/1986,dnelson91@sina.com.cn,666088703,Dunning,11,Kerep Wetan,Indonesia,
Emily,Jacobs,6/14/1994,ejacobs92@privacy.gov.au,892759078,Northland,6,Segovia,Colombia,052818
Sharon,Dean,4/12/1986,sdean93@newyorker.com,861972843,Sutherland,01626,Niutang,China,
Aaron,Griffin,2/11/1971,agriffin94@tmall.com,889897457,Bay,02533,Payaman,Indonesia,
Jimmy,Freeman,2/5/1997,jfreeman95@flavors.me,897535597,Killdeer,389,Canghou,China,
Fred,Willis,7/15/1983,fwillis96@mayoclinic.com,720316589,Colorado,5728,Himanka,Finland,68100
Kelly,Ellis,7/5/1979,kellis97@sciencedaily.com,640175165,Declaration,68548,Singapore,Singapore,
Melissa,Fields,1/5/1980,mfields98@ox.ac.uk,508905241,Luster,4,Cemara,Indonesia,
Irene,Lee,9/9/1999,ilee99@imdb.com,696877742,Judy,6818,Dongzhang,China,
Henry,Rivera,7/5/1991,hrivera9a@yellowpages.com,735768978,Petterle,8134,Jinzipai,China,
Amy,Gordon,5/14/1976,agordon9b@amazon.co.jp,543485919,Utah,3,Cibiru,Indonesia,
Eugene,Morales,4/13/1999,emorales9c@sfgate.com,760631027,Katie,2,Los Angeles,United States,90076
Evelyn,Phillips,9/21/1972,ephillips9d@chron.com,953008770,Meadow Valley,059,Sabbah,Syria,
Janice,Larson,8/3/1990,jlarson9e@gnu.org,905404265,Blaine,87944,Besukrejo,Indonesia,
Jacqueline,Flores,7/19/1974,jflores9f@miitbeian.gov.cn,734357837,Sloan,9,Czarna,Poland,39-215
Norma,Murray,6/29/1980,nmurray9g@storify.com,692682628,Scoville,8,Veliki Grđevac,Croatia,43270
Raymond,Reyes,5/10/1989,rreyes9h@imageshack.us,880930188,Little Fleur,5726,Almafuerte,Argentina,3317
Irene,Robertson,12/2/1988,irobertson9i@joomla.org,800193858,Veith,9,Mönchengladbach,Germany,41199
Wanda,Hawkins,3/19/1971,whawkins9j@ebay.co.uk,578448606,Holmberg,7998,Wuxihe,China,
Theresa,Lane,8/26/1982,tlane9k@flavors.me,560108279,Anthes,5880,Beaconsfield,Canada,H9W
Andrea,Cole,8/13/1992,acole9l@cam.ac.uk,966361434,Surrey,6839,Jepara,Indonesia,
Gregory,Miller,11/17/1994,gmiller9m@hubpages.com,833489476,Fallview,97,Przemęt,Poland,64-234
Wayne,Willis,8/7/1987,wwillis9n@ycombinator.com,582342488,Lake View,19350,Zhayang,China,
Susan,Sims,8/28/1999,ssims9o@abc.net.au,624136063,Waywood,1997,Tver,Russia,182647
Chris,Cooper,5/21/1993,ccooper9p@about.com,593407941,Miller,96860,Braço do Norte,Brazil,88750-000
Rebecca,Jones,9/3/1971,rjones9q@facebook.com,623565173,Bunting,88,Město,Czech Republic,364 61
Helen,Richardson,5/23/1972,hrichardson9r@cyberchimps.com,583756236,Laurel,542,Sogamoso,Colombia,152219
Steven,Wells,12/4/1999,swells9s@ucsd.edu,661852094,Prentice,5,Oliveira de Frades,Portugal,3680-077
Larry,Tucker,2/16/1995,ltucker9t@ed.gov,735710355,Dottie,3855,Krông Kmar,Vietnam,
Judy,Henderson,8/24/1972,jhenderson9u@go.com,727151678,4th,14,Casais de Revelhos,Portugal,2200-463
Jose,Romero,9/30/1974,jromero9v@nba.com,989143795,Briar Crest,90,Aanislag,Philippines,4500
Diana,Jacobs,6/15/1979,djacobs9w@delicious.com,841330472,Anzinger,62,Varakļāni,Latvia,
Jose,Elliott,7/23/1976,jelliott9x@squidoo.com,626278345,Kensington,0,Gaspar,Brazil,89110-000
Fred,Tucker,4/26/1982,ftucker9y@hibu.com,968764577,Onsgard,9490,Bafoulabé,Mali,
Jeffrey,Williamson,3/23/1986,jwilliamson9z@smh.com.au,703051817,Hudson,1,Puqi,China,
Arthur,Sanchez,4/5/1983,asancheza0@japanpost.jp,803853771,Badeau,09268,Bielefeld,Germany,33619
Frank,Foster,2/15/1995,ffostera1@amazonaws.com,996020149,Warner,82699,Surkh Bilandī,Afghanistan,
Stephen,Peters,8/29/1973,spetersa2@weather.com,937079842,Sommers,5429,Austin,United States,78737
Jennifer,Brown,10/15/1995,jbrowna3@desdev.cn,646236344,Katie,9,Lukovo,Macedonia,6337
Antonio,Stanley,10/10/1977,astanleya4@addthis.com,729261925,Memorial,683,Chisong,China,
Cynthia,King,4/8/1976,ckinga5@economist.com,919134558,Comanche,95,Santa Venera,Malta,SVR
Joshua,Collins,12/14/1973,jcollinsa6@smugmug.com,771551808,Quincy,614,Huangqiang,China,
Lori,Bennett,2/15/1995,lbennetta7@baidu.com,616439529,Vera,69494,Conqueiros,Portugal,2425-823
Tammy,Armstrong,5/31/1990,tarmstronga8@nature.com,999550046,Fordem,985,Gajah,Indonesia,
Rachel,Gordon,11/24/1980,rgordona9@statcounter.com,950058647,Mesta,1,Sarana,Russia,623311
Angela,Armstrong,9/15/1981,aarmstrongaa@uiuc.edu,665992894,Farwell,2963,Sarana,Russia,623311
Julia,James,8/20/1988,jjamesab@newyorker.com,508683805,Birchwood,33212,Corujeira,Portugal,4580-630
Pamela,Turner,6/27/1988,pturnerac@printfriendly.com,814374685,Rusk,55,Hongxi,China,
Tammy,Young,9/16/1982,tyoungad@prnewswire.com,506225766,Eastwood,87511,Chadian,China,
Tammy,Turner,12/22/1991,tturnerae@umn.edu,665940128,Bultman,98857,Denov,Uzbekistan,
Gregory,Hernandez,9/28/1974,ghernandezaf@meetup.com,556253862,Ryan,34,Brescia,Italy,25129
Evelyn,Schmidt,2/14/1997,eschmidtag@reference.com,626874915,David,6838,Lerrnanist,Armenia,
Joan,Miller,12/13/1989,jmillerah@mapquest.com,602157249,Norway Maple,71,Būlaevo,Kazakhstan,
Michael,Collins,11/11/1999,mcollinsai@accuweather.com,997032956,Nova,81470,Próti,Greece,
Kelly,Andrews,10/23/1987,kandrewsaj@apache.org,999863694,Goodland,011,Rossosh’,Russia,689400
Norma,Garrett,11/19/1994,ngarrettak@free.fr,542074153,Porter,9399,Kuhmo,Finland,88901
Sean,Dixon,5/22/1999,sdixonal@techcrunch.com,522118359,Kings,47,Jinping,China,
Russell,Lewis,2/14/2000,rlewisam@chronoengine.com,794693890,Novick,95781,Saumur,France,49411 CEDEX
Billy,Chavez,7/6/1972,bchavezan@vkontakte.ru,872690837,Sloan,3765,Likhovskoy,Russia,347820
Katherine,Gray,10/7/1994,kgrayao@msu.edu,748824450,Westridge,96852,Vacaria,Brazil,95200-000
Catherine,Palmer,5/15/1993,cpalmerap@pinterest.com,926296693,Linden,27799,Sainte-Marthe-sur-le-Lac,Canada,H9K
Harold,Wheeler,1/31/1971,hwheeleraq@yandex.ru,635996195,Mayfield,4,Baizhong,China,
Helen,Morris,4/11/1997,hmorrisar@time.com,597698336,Buena Vista,6098,Zhengmo,China,
Shawn,Bishop,5/14/1975,sbishopas@ucoz.ru,735971489,Corben,2370,São Borja,Brazil,97670-000
Brian,Fernandez,5/18/1971,bfernandezat@123-reg.co.uk,601826039,Mallard,266,Sula,Philippines,2914
Matthew,Martinez,3/20/1987,mmartinezau@gizmodo.com,836909521,Nancy,9167,Lujiao,China,
Marie,Lewis,1/27/1979,mlewisav@wiley.com,536877324,Anniversary,670,Tunjuk Selatan,Indonesia,
Martin,Moore,12/8/1983,mmooreaw@youtu.be,684173013,Sutteridge,48,Liutan,China,
Timothy,Dean,9/10/1984,tdeanax@fda.gov,613766224,Starling,75,Daxing,China,
Steve,King,5/12/1986,skingay@disqus.com,652711143,American,2177,Vale da Bajouca,Portugal,2425-207
Helen,Reynolds,10/23/1991,hreynoldsaz@aboutads.info,727925267,Carberry,07231,Ushibuka,Japan,700-0904
Jennifer,Daniels,10/15/1970,jdanielsb0@desdev.cn,656174983,Troy,99,Ngromo,Indonesia,
Thomas,Moreno,3/9/1982,tmorenob1@ft.com,550350698,Fallview,59,Bilice,Croatia,34310
Howard,Phillips,8/10/1990,hphillipsb2@mozilla.org,694633171,Eggendart,3,Halmstad,Sweden,302 50
Jacqueline,Stewart,7/26/1980,jstewartb3@mapy.cz,536816385,Northwestern,62755,Tanggu,China,
Harry,Ellis,6/9/1984,hellisb4@booking.com,629189026,Tony,03584,Oton,Philippines,5020
Walter,Ferguson,2/15/1971,wfergusonb5@ihg.com,519169196,Shopko,9588,Luoping,China,
Theresa,Hunter,5/6/1988,thunterb6@furl.net,857171708,Miller,55,Cruz de los Milagros,Argentina,3441
Juan,Martin,11/9/1976,jmartinb7@51.la,984597315,Browning,14,Tsaghveri,Georgia,
Rachel,Tucker,6/5/1987,rtuckerb8@rediff.com,804322242,Saint Paul,13658,Bultfontein,South Africa,9670
Margaret,Walker,5/13/1990,mwalkerb9@bbc.co.uk,977833517,Porter,845,Bristol,United Kingdom,BS41
Craig,Hawkins,8/3/1994,chawkinsba@themeforest.net,622484695,Little Fleur,50,Cabanbanan,Philippines,5047
Todd,Sims,5/5/1987,tsimsbb@ezinearticles.com,801206984,Shoshone,1,Lajeado,Brazil,77645-000
Joe,Peters,8/3/1983,jpetersbc@weibo.com,538662928,Namekagon,3621,Moss,Norway,1522
Benjamin,Garcia,12/15/1979,bgarciabd@ifeng.com,665467482,Manitowish,42,Morón,Argentina,1765
Terry,Moore,7/2/1995,tmoorebe@delicious.com,740929738,Ludington,80,Cipari Satu,Indonesia,
Helen,Wood,8/5/1998,hwoodbf@shareasale.com,765677244,Arkansas,86490,Skellefteå,Sweden,931 22
Mildred,Matthews,8/13/1980,mmatthewsbg@usnews.com,937617956,Helena,63,Arão,Portugal,4930-005
Roger,Garcia,12/16/1980,rgarciabh@pagesperso-orange.fr,586942469,Miller,78047,Višňova,Czech Republic,464 01
Evelyn,Boyd,11/27/1990,eboydbi@paypal.com,985450069,Dahle,95049,Bonpland,Argentina,3234
Walter,Miller,7/5/1972,wmillerbj@hc360.com,974895909,Hudson,0650,Nobeoka,Japan,882-0877
Diane,Hansen,1/6/1979,dhansenbk@purevolume.com,772412904,Becker,6532,Barotac Nuevo,Philippines,1045
Russell,Hawkins,3/24/1992,rhawkinsbl@qq.com,730466621,Meadow Valley,07,Los Angeles,Mexico,81426
Wanda,Davis,12/20/1998,wdavisbm@usgs.gov,777097220,Manufacturers,3,Bordeaux,France,33070 CEDEX
Katherine,Fernandez,9/10/1989,kfernandezbn@g.co,805742785,Riverside,81,Oslo,Norway,0403
Lisa,Myers,10/6/1993,lmyersbo@go.com,591559689,Fair Oaks,20,Thị Trấn Yên Thịnh,Vietnam,
Anthony,Hernandez,6/6/1972,ahernandezbp@forbes.com,843302202,Riverside,7169,Manuel Antonio Mesones Muro,Peru,
Victor,Jones,8/21/1986,vjonesbq@odnoklassniki.ru,766078984,Chive,65,Darłowo,Poland,76-153
Ernest,Duncan,5/15/1992,eduncanbr@people.com.cn,648039268,Autumn Leaf,3321,Syktyvkar,Russia,167032
Robert,Hudson,3/25/1983,rhudsonbs@mediafire.com,793202729,Browning,792,Tai Po,Hong Kong,
Carl,Rivera,1/9/1973,criverabt@ifeng.com,637342366,Dahle,8118,Cairani,Peru,
Keith,Howell,4/15/1989,khowellbu@cyberchimps.com,807389658,Pond,54485,Honolulu,United States,96805
Douglas,Bowman,5/27/1990,dbowmanbv@quantcast.com,700440968,Mosinee,802,Yakimovo,Bulgaria,3640
Gerald,Olson,5/7/1973,golsonbw@dropbox.com,636058677,Vidon,1073,San Francisco de Yare,Venezuela,
Frank,Kim,12/29/1977,fkimbx@kickstarter.com,631250979,Cascade,028,Bulgan,Mongolia,
Victor,Elliott,3/16/1981,velliottby@mozilla.com,643403837,Schiller,58,Zhetian,China,
Philip,Mills,7/1/1976,pmillsbz@icio.us,622295486,Westport,5,Morelos,Mexico,78130
Emily,West,2/16/1998,ewestc0@ehow.com,866036993,Emmet,74731,Sanxi,China,
Phyllis,Gutierrez,7/15/1981,pgutierrezc1@blinklist.com,733022165,Nobel,56,Hantsavichy,Belarus,
George,Woods,2/9/1980,gwoodsc2@sina.com.cn,918332197,6th,5366,San Diego,United States,92191
Alan,Hernandez,3/9/1984,ahernandezc3@taobao.com,572541451,Northfield,126,Baitoa,Dominican Republic,10508
Billy,Garza,1/2/1985,bgarzac4@accuweather.com,737217025,Ludington,5774,La Victoria,Colombia,155007
Janet,Scott,4/12/1999,jscottc5@netvibes.com,603939985,Blue Bill Park,8,Caijiapu,China,
Lawrence,Fernandez,2/23/1987,lfernandezc6@toplist.cz,851538208,Beilfuss,376,Sjöbo,Sweden,275 80
Kelly,Ferguson,1/2/1973,kfergusonc7@aboutads.info,557300163,Morningstar,2905,Datian,China,
Jacqueline,Jordan,3/26/1993,jjordanc8@nyu.edu,971887504,Ridgeview,45,Troitskiy,Russia,623641
Marilyn,Collins,3/17/1974,mcollinsc9@mysql.com,588828243,Tennyson,91,Jinlong,China,
Sarah,Cruz,7/23/1981,scruzca@paypal.com,856822008,Mcbride,89,Shangxian,China,
Ashley,Armstrong,9/14/1989,aarmstrongcb@wp.com,727138668,Green,507,Rydułtowy,Poland,44-280
Teresa,Stevens,8/9/1972,tstevenscc@linkedin.com,538043920,Fuller,1729,João Pessoa,Brazil,58000-000
Bruce,Morrison,11/8/1971,bmorrisoncd@ow.ly,900316629,2nd,1214,Plessisville,Canada,G6L
Sara,Larson,2/12/1982,slarsonce@weather.com,853145141,Montana,30,Mirriah,Niger,
Bobby,Day,11/4/1977,bdaycf@wiley.com,884445880,Ronald Regan,5,Zhuzuo,China,
Sarah,Powell,5/4/1992,spowellcg@nsw.gov.au,921715354,Tennyson,9,Nueve de Julio,Argentina,3606
Philip,Arnold,9/30/1973,parnoldch@msu.edu,883027997,West,6,Kaavi,Finland,73601
Paula,Lopez,4/16/1986,plopezci@webeden.co.uk,554694795,Laurel,46600,Nancy,France,54076 CEDEX
Debra,Gutierrez,11/30/1987,dgutierrezcj@live.com,771259705,Comanche,131,Ti-n-Essako,Mali,
Steve,Warren,1/17/1989,swarrenck@ning.com,918969113,Erie,1694,Ccuntuma,Peru,
Catherine,Stevens,5/5/1991,cstevenscl@who.int,853927357,Monica,643,Shigu,China,
Rose,Mcdonald,7/5/1995,rmcdonaldcm@tamu.edu,909919531,Gerald,4972,Pagersari,Indonesia,
Susan,Sims,11/24/1996,ssimscn@accuweather.com,601423077,Becker,527,Orissaare,Estonia,
Joshua,Graham,10/2/1984,jgrahamco@qq.com,584587863,Barby,952,Sanjō,Japan,959-1146
Michael,Harris,6/22/1980,mharriscp@si.edu,713121495,Briar Crest,27,Morro Agudo,Brazil,14640-000
Daniel,Wells,7/1/1973,dwellscq@unblog.fr,908177420,International,35,Kuala Lumpur,Malaysia,50762
Rose,Miller,7/4/1972,rmillercr@hhs.gov,890494539,Heffernan,33,Tianjiazhai,China,
Elizabeth,Day,1/26/1980,edaycs@prlog.org,743656468,Stuart,28432,Annecy-le-Vieux,France,74944 CEDEX
Aaron,Butler,7/11/1973,abutlerct@delicious.com,595036313,Bluestem,1342,Jinshandian,China,
Ronald,Fox,5/27/1988,rfoxcu@smh.com.au,777109710,Straubel,1,Ongandjera,Namibia,
Melissa,Ramirez,8/24/1981,mramirezcv@flickr.com,941275500,Scoville,0299,Lamalewar,Indonesia,
Justin,Patterson,5/31/1984,jpattersoncw@sitemeter.com,554292146,Canary,5,Baoshi,China,
Matthew,Green,3/13/1972,mgreencx@usda.gov,677722513,Parkside,0514,Kuala Lumpur,Malaysia,50653
Andrea,Bryant,12/1/1983,abryantcy@boston.com,747377756,Sunbrook,531,Gachancipá,Colombia,251017
Jonathan,Torres,10/26/1987,jtorrescz@typepad.com,731884837,Stoughton,5,Cheonan,South Korea,
Martin,Carter,12/24/1973,mcarterd0@ifeng.com,904079117,Fair Oaks,142,eMbalenhle,South Africa,2285
Ruth,Thompson,12/28/1998,rthompsond1@toplist.cz,635891263,Mitchell,99114,La Oroya,Peru,
Raymond,Alvarez,5/4/1974,ralvarezd2@parallels.com,676290086,Bluestem,952,Garoua Boulaï,Cameroon,
Gregory,Moore,1/19/1971,gmoored3@phpbb.com,544358811,Sutherland,92950,Otterburn Park,Canada,L6G
Philip,Johnston,12/5/1986,pjohnstond4@shareasale.com,520388314,Carberry,11,Jevremovac,Serbia,
Ralph,Weaver,7/12/1970,rweaverd5@phoca.cz,745855234,Maryland,23,Masaki-chō,Japan,799-3115
Adam,Bowman,6/9/1984,abowmand6@jimdo.com,725806873,Corry,50,Guanyao,China,
Larry,Allen,11/24/1987,lallend7@senate.gov,900249721,Fulton,8,Tayabamba,Peru,
Samuel,Crawford,5/13/1974,scrawfordd8@geocities.com,505084762,Vernon,13743,Vejprnice,Czech Republic,330 27
Melissa,Payne,12/28/1996,mpayned9@ow.ly,590244253,Forest Run,949,Lok,Serbia,
Jason,Frazier,8/3/1988,jfrazierda@netlog.com,941104279,Gateway,4695,Atabayan,Philippines,5021
Edward,Cook,7/9/1983,ecookdb@diigo.com,540449115,Blackbird,49017,Shuyuan Zhen,China,
Victor,Hamilton,2/16/1994,vhamiltondc@4shared.com,682506511,Eagle Crest,3001,Velikooktyabr’skiy,Russia,172715
Phillip,Morrison,4/7/1973,pmorrisondd@microsoft.com,832014956,Mayer,2638,Alah Sāy,Afghanistan,
Stephanie,Spencer,5/10/1987,sspencerde@dion.ne.jp,820790639,Knutson,523,Campana,Argentina,4111
Katherine,Warren,5/27/1998,kwarrendf@wp.com,804329393,Packers,6,Partido,Dominican Republic,10505
Justin,Owens,6/20/1973,jowensdg@opera.com,943142194,Northfield,05682,Terentang,Indonesia,
Harold,Burns,10/3/1989,hburnsdh@delicious.com,521344019,Cherokee,58,Hwange,Zimbabwe,
Justin,Cunningham,1/7/1974,jcunninghamdi@ifeng.com,627643347,Basil,3,Jadho,Indonesia,
Maria,Williamson,10/31/1970,mwilliamsondj@xrea.com,768556330,Sunbrook,16,Willowmore,South Africa,6454
Benjamin,Jordan,4/2/1985,bjordandk@paginegialle.it,686599125,Lerdahl,50941,Xingong,China,
Richard,Harvey,6/20/1989,rharveydl@constantcontact.com,872046850,Northridge,11,Chicago,United States,60657
Jessica,Ellis,7/18/1991,jellisdm@paypal.com,698473348,Schlimgen,634,San Antonio Oeste,Argentina,8520
Roy,Black,8/27/1977,rblackdn@omniture.com,561105915,Kings,7434,Huddinge,Sweden,141 38
Pamela,Gilbert,3/25/1995,pgilbertdo@amazon.de,717028510,Eliot,69,Chiriguaná,Colombia,203048
Carol,West,12/19/1985,cwestdp@webmd.com,717116688,Londonderry,7,Laozhuang,China,
Chris,Webb,12/12/1992,cwebbdq@google.com,911587534,Wayridge,1828,Il’ichëvo,Russia,188838
Juan,Morgan,7/14/1971,jmorgandr@webnode.com,742990375,Maywood,9,General Luna,Philippines,5419
Jeremy,Gonzalez,12/8/1997,jgonzalezds@scientificamerican.com,735584850,Leroy,067,Zuoxi,China,
Paula,Garrett,11/20/1991,pgarrettdt@ezinearticles.com,743906249,Ramsey,9,Wudangshan,China,
Sean,West,8/20/1984,swestdu@flavors.me,984985213,Mallory,20,Bol,Chad,
Ann,Gonzales,7/17/1998,agonzalesdv@etsy.com,711978518,Clemons,708,Кондово,Macedonia,1045
Craig,Stanley,1/14/1975,cstanleydw@linkedin.com,988401424,Hudson,2,Shawnee Mission,United States,66286
Kathryn,Castillo,2/11/1998,kcastillodx@blinklist.com,788335292,Glacier Hill,531,Nangkasari,Indonesia,
Mildred,Gilbert,5/23/1973,mgilbertdy@prlog.org,909824080,Holy Cross,589,Huangtan,China,
Paul,Gonzalez,1/11/1997,pgonzalezdz@slideshare.net,974763750,Old Gate,27220,Baokou,China,
Beverly,Schmidt,2/24/1983,bschmidte0@sbwire.com,941807049,Grasskamp,6298,Lagyná,Greece,
Wayne,Welch,8/1/1989,wwelche1@php.net,640856873,4th,23,Semanding Barat,Indonesia,
Earl,Hughes,7/16/1972,ehughese2@europa.eu,794943996,North,47321,Narutō,Japan,289-1343
Raymond,Mccoy,12/25/1989,rmccoye3@nih.gov,864210474,Anniversary,912,Xiongzhang,China,
Jack,Snyder,1/14/1984,jsnydere4@google.com.br,958174155,Nova,04912,Dasanlian Lauk,Indonesia,
Alan,Burton,11/13/1994,aburtone5@statcounter.com,676679712,Nelson,059,Barakī Barak,Afghanistan,
Michael,Bennett,6/11/1992,mbennette6@ox.ac.uk,541246991,Vahlen,52,Hrochův Týnec,Czech Republic,538 62
Victor,Howell,3/31/1982,vhowelle7@wired.com,979027617,Meadow Ridge,345,Yangzhou,China,
Julia,Greene,12/7/1984,jgreenee8@networksolutions.com,863096210,Chive,83571,Lochovice,Czech Republic,267 23
Roger,Bell,7/17/1976,rbelle9@t.co,820290371,Dunning,5,Cacequi,Brazil,97450-000
Jack,Bowman,4/10/1972,jbowmanea@howstuffworks.com,971442999,Di Loreto,23,Uralo-Kavkaz,Ukraine,
Lisa,Willis,5/24/1980,lwilliseb@uiuc.edu,515642997,Arkansas,277,Mardzad,Mongolia,
Juan,Gardner,12/8/1999,jgardnerec@dropbox.com,789858764,Mariners Cove,336,Zielonka,Poland,05-220
Lois,Peters,12/15/1996,lpetersed@studiopress.com,875480905,Spaight,40039,Espérance Trébuchet,Mauritius,
Rachel,James,10/13/1979,rjamesee@hc360.com,803769331,Esker,2025,Magdalena,Peru,
Jimmy,Carpenter,8/26/1986,jcarpenteref@dmoz.org,680142663,Merchant,03917,Bol’shoy Kamen’,Russia,249018
Keith,Powell,12/2/1991,kpowelleg@google.ca,859122958,Lakewood Gardens,7,Divisoria,Philippines,2733
Deborah,Ramirez,10/14/1978,dramirezeh@goo.ne.jp,939260312,Di Loreto,23869,Sosnówka,Poland,58-564
Catherine,Olson,6/7/1992,colsonei@nsw.gov.au,586726062,Mcguire,24,Creil,France,60922 CEDEX 9
Philip,Lawrence,2/19/1980,plawrenceej@house.gov,533298627,Sloan,900,Pangian,Philippines,4204
Douglas,Simpson,4/19/1972,dsimpsonek@economist.com,978750793,Pawling,89087,Persen,Indonesia,
Virginia,Dixon,9/21/1982,vdixonel@wikimedia.org,906265056,Myrtle,01,Kylmäkoski,Finland,37960
Carl,Dixon,11/21/1990,cdixonem@plala.or.jp,993207073,Park Meadow,214,Mabunga,Philippines,4307
Bonnie,Gardner,4/11/1973,bgardneren@prweb.com,744389421,Browning,7319,Troitsk,Russia,428902
Terry,Edwards,11/24/1998,tedwardseo@mapy.cz,518487962,Haas,1,Sitiarjo,Indonesia,
Earl,Flores,11/7/1985,efloresep@tamu.edu,967457046,Portage,78,Kara,Togo,
Jason,Williamson,12/25/1985,jwilliamsoneq@census.gov,769200408,Harbort,1,Canelas,Portugal,3865-004
Thomas,Knight,10/7/1982,tknighter@statcounter.com,733859050,Rusk,20614,Shishan,China,
Laura,Knight,6/15/1976,lknightes@hao123.com,867602136,New Castle,21390,Oslo,Norway,0361
Eugene,Cooper,2/8/1974,ecooperet@list-manage.com,802145368,Arapahoe,4952,Aix-en-Provence,France,13853 CEDEX 3
Andrea,Simmons,10/23/1972,asimmonseu@livejournal.com,712294122,Katie,05941,Parravak’ar,Armenia,
Patricia,Sanders,9/3/1998,psandersev@sfgate.com,835894816,Corscot,364,Tombatu,Indonesia,
Jeremy,Powell,11/6/1994,jpowellew@hp.com,788397669,Weeping Birch,72347,Koesan,South Korea,
Kenneth,Watson,2/9/1982,kwatsonex@macromedia.com,667762961,Prentice,2,Gaoxing,China,
Lillian,Jones,1/13/1999,ljonesey@hexun.com,687960993,Stoughton,78927,Karlstad,Sweden,653 44
Peter,Moore,12/14/1972,pmooreez@webeden.co.uk,981941601,Moland,49,Kushiro,Japan,729-5122
Carol,Tucker,11/20/1973,ctuckerf0@dot.gov,896835055,La Follette,6590,Paris 13,France,75706 CEDEX 13
Lori,Garrett,5/1/1998,lgarrettf1@archive.org,617161804,Cody,3,Mahuta,Nigeria,
Edward,Matthews,10/8/1986,ematthewsf2@engadget.com,770660454,Elka,8,Zabierzów,Poland,32-080
Katherine,Brooks,7/24/1979,kbrooksf3@berkeley.edu,844768630,Farmco,932,Shangmofang,China,
Jeremy,Stone,12/11/1992,jstonef4@php.net,721052366,Killdeer,8,Bagikkedok Lauk,Indonesia,
Roger,Jordan,8/6/1985,rjordanf5@bigcartel.com,617228463,Sauthoff,787,Kumagaya,Japan,360-0016
Carol,West,4/12/1978,cwestf6@hp.com,684501425,Fair Oaks,7,Lang,China,
Teresa,Hanson,3/11/1984,thansonf7@netvibes.com,699352518,Hoard,349,At Tāj,Libya,
Jeffrey,Lane,1/19/1997,jlanef8@nyu.edu,532173676,Hintze,88,Weishanzhuang,China,
Ralph,Medina,1/10/1974,rmedinaf9@time.com,753469843,Melrose,8034,Dalam,Indonesia,
Craig,Hill,12/21/1976,chillfa@webnode.com,935617738,Old Shore,3971,Monte Alegre,Brazil,59182-000
Jack,Griffin,6/11/1973,jgriffinfb@sakura.ne.jp,621974206,Bonner,88,Heřmanův Městec,Czech Republic,538 03
Katherine,Richards,4/13/1970,krichardsfc@addthis.com,803833879,Bultman,8,Hatton,United Kingdom,CV35
Phillip,Ryan,10/9/1970,pryanfd@sbwire.com,852084163,Towne,89417,Ciseda,Indonesia,
Teresa,Shaw,7/14/1982,tshawfe@angelfire.com,584109692,Burrows,3,Goba,Ethiopia,
Willie,Rose,11/11/1971,wroseff@booking.com,952945239,Lerdahl,6,Ambatofinandrahana,Madagascar,
Walter,Hall,4/11/1971,whallfg@europa.eu,556023049,Stuart,892,Guyancourt,France,78280
Ryan,James,11/30/1987,rjamesfh@github.io,945352329,Norway Maple,0089,Groblersdal,South Africa,1064
Ronald,Simmons,1/25/1972,rsimmonsfi@msn.com,901909452,Milwaukee,4,Jūrīsh,Palestinian Territory,
Steve,Kim,3/23/1982,skimfj@ocn.ne.jp,866425775,Shoshone,49,Sapernoye,Russia,188966
Irene,Webb,5/3/1976,iwebbfk@macromedia.com,541292065,Karstens,70,Songhu,China,
Shawn,Hall,7/15/1981,shallfl@istockphoto.com,899400178,Haas,82,North Perth,Canada,E6J
Craig,Fuller,5/9/1991,cfullerfm@istockphoto.com,987397982,Eagle Crest,9903,Baipu,China,
Paul,Perkins,5/7/1973,pperkinsfn@utexas.edu,845514600,Knutson,442,Nago,Japan,917-0011
Stephen,Brooks,8/11/1987,sbrooksfo@princeton.edu,767144491,Mosinee,40541,Sirib,Philippines,6113
Benjamin,Garrett,6/28/1985,bgarrettfp@squarespace.com,743380094,South,2,Hehu,China,
Mark,Pierce,4/5/1973,mpiercefq@comsenz.com,905273461,Stone Corner,7651,Gaotaizi,China,
Heather,James,7/16/1980,hjamesfr@redcross.org,634312770,Corben,2821,Nueva Helvecia,Uruguay,
Carlos,Graham,2/16/1974,cgrahamfs@telegraph.co.uk,614746186,Butterfield,3512,Paratinga,Brazil,47500-000
Rose,Johnson,1/8/1984,rjohnsonft@macromedia.com,743313506,Kensington,04,Lahishyn,Belarus,
Joan,Snyder,8/5/1993,jsnyderfu@gizmodo.com,730512927,Artisan,89,Banaba,Philippines,4224
Shawn,Williams,3/10/1999,swilliamsfv@amazon.co.jp,582989196,Independence,083,Pilzno,Poland,39-220
Michael,Taylor,8/12/1973,mtaylorfw@dailymotion.com,945493845,Coleman,682,Safed,Israel,
Carol,Kennedy,4/22/1998,ckennedyfx@samsung.com,546835129,Petterle,0,Anchorage,United States,99522
Larry,Rice,1/8/1993,lricefy@sourceforge.net,833092551,Carberry,32483,Blois,France,41976 CEDEX 9
Russell,Burton,8/27/1997,rburtonfz@cloudflare.com,809479486,Di Loreto,0194,Krasnogorskiy,Russia,425090
Matthew,Owens,10/9/1989,mowensg0@wordpress.org,534496335,Tennyson,90964,Cuispes,Peru,
Donald,Wheeler,3/11/1997,dwheelerg1@netlog.com,938039618,Bowman,7,Yonggu,China,
Andrew,Hudson,8/23/1985,ahudsong2@goo.gl,755760320,Merry,2,Žlutava,Czech Republic,763 61
Nicole,Fowler,11/20/1970,nfowlerg3@blog.com,520821131,Randy,122,Houba,China,
Juan,Tucker,4/6/1970,jtuckerg4@engadget.com,895709237,West,25,Sośno,Poland,89-412
Daniel,Crawford,8/16/1986,dcrawfordg5@dot.gov,747208306,Lillian,63,Yujiao,China,
Anthony,Walker,9/19/1986,awalkerg6@wikispaces.com,842101208,Mcguire,43,Bełchatów,Poland,97-413
James,Alexander,6/2/1988,jalexanderg7@spiegel.de,968777353,Florence,62,Yazykovo,Russia,433201
Russell,Flores,6/11/1977,rfloresg8@harvard.edu,636522980,Lawn,0,Carcar,Philippines,1637
Billy,Freeman,10/26/1977,bfreemang9@furl.net,712867710,Riverside,57189,Emiliano Zapata,Mexico,51355
Larry,Snyder,9/8/1996,lsnyderga@bravesites.com,658611625,Parkside,45523,Vyksa,Russia,607069
Steve,Brown,12/23/1984,sbrowngb@bravesites.com,721941715,6th,57377,Jianrao,China,
Rebecca,Morris,8/29/1970,rmorrisgc@sfgate.com,942565594,Rigney,762,Tanjungampalu,Indonesia,
Todd,Alexander,2/15/1988,talexandergd@wiley.com,987475864,Bunker Hill,0,Potrero Grande,Panama,
Gerald,Matthews,5/12/1983,gmatthewsge@narod.ru,629027769,Dexter,03862,Dzięgielów,Poland,43-445
Edward,Burns,10/19/1978,eburnsgf@nationalgeographic.com,950481645,Longview,8097,Maanĭt,Mongolia,
Louise,Ross,5/18/1995,lrossgg@shop-pro.jp,893524340,Vernon,4,Bel Air Rivière Sèche,Mauritius,
Tammy,Mills,1/3/1996,tmillsgh@reference.com,566083536,Rutledge,56,Tiebiancheng,China,
Douglas,Grant,1/12/1988,dgrantgi@uiuc.edu,626431904,Quincy,56,Dniprodzerzhyns’k,Ukraine,
Paul,Riley,9/27/1997,prileygj@mapy.cz,614535176,Thackeray,637,Ust’-Labinsk,Russia,385321
Joe,Frazier,2/20/1984,jfraziergk@uiuc.edu,813422259,Buhler,28,Zhongcheng,China,
Antonio,Andrews,7/19/1975,aandrewsgl@opera.com,715206322,Logan,19187,Zarzis,Tunisia,
Theresa,Fields,3/21/1984,tfieldsgm@spiegel.de,984092492,Mandrake,695,Przasnysz,Poland,06-302
Charles,Chavez,9/5/1982,cchavezgn@friendfeed.com,622008968,Dapin,115,Palmas,Brazil,77000-000
Shirley,Garrett,3/15/1971,sgarrettgo@hp.com,615393279,Logan,31,Muke,Indonesia,
Lois,Rodriguez,12/31/1976,lrodriguezgp@narod.ru,924482322,7th,39710,Imbituva,Brazil,84430-000
Harry,Garrett,4/10/1973,hgarrettgq@blog.com,934151059,Packers,2,Loudun,France,86206 CEDEX
James,Lawrence,3/21/1981,jlawrencegr@multiply.com,853439985,Esker,445,Argelia,Colombia,761517
Susan,Tucker,7/27/1978,stuckergs@buzzfeed.com,655622781,Dryden,98,Las Ánimas,Honduras,
Helen,Bradley,10/26/1985,hbradleygt@360.cn,963679171,Spenser,7880,Vale Flores,Portugal,2710-680
Paul,Cox,1/14/1973,pcoxgu@reuters.com,918677925,Carey,39,Guanyinsi,China,
Marilyn,Ortiz,8/12/1979,mortizgv@senate.gov,775597027,Canary,033,Dubova (Driloni),Kosovo,
Douglas,Alexander,7/12/1976,dalexandergw@virginia.edu,618215520,Kingsford,43019,Sidaharja,Indonesia,
Teresa,Jenkins,12/22/1996,tjenkinsgx@fastcompany.com,887670467,Elka,47,Baalbek,Lebanon,
Arthur,Porter,4/20/1993,aportergy@mail.ru,692399880,Green Ridge,7705,Isiro,Democratic Republic of the Congo,
Eugene,Gonzalez,4/19/1979,egonzalezgz@imdb.com,694723736,Victoria,0585,Tengjia,China,
Martin,Porter,12/4/1977,mporterh0@instagram.com,653995555,Continental,0,Sebuku,Indonesia,
Jonathan,Crawford,3/6/1988,jcrawfordh1@google.ru,915733298,Spaight,46826,Verkhnya Syrovatka,Ukraine,
Lois,Ramirez,12/30/1975,lramirezh2@tamu.edu,960742814,Acker,206,Pazin,Croatia,52000
Nicholas,Cunningham,3/14/1976,ncunninghamh3@slideshare.net,757056085,Hoffman,17,Syktyvkar,Russia,167032
Aaron,Jordan,6/2/1977,ajordanh4@netscape.com,646436359,Mifflin,80,Nashville,United States,37245
Ashley,Perry,9/3/1990,aperryh5@homestead.com,553904721,Manufacturers,8,Älvsbyn,Sweden,942 31
Roy,Fields,7/10/1975,rfieldsh6@berkeley.edu,880897248,Heffernan,7,Beit Jann,Israel,
Joe,Williams,8/7/1982,jwilliamsh7@reference.com,795228597,Oak,338,Wenfang,China,
Bonnie,Ford,12/19/1988,bfordh8@networkadvertising.org,769049382,Chinook,988,Mesopotamía,Greece,
Shirley,Wheeler,10/22/1972,swheelerh9@geocities.com,650025165,Del Sol,27,Touama,Morocco,
Barbara,Patterson,2/6/1987,bpattersonha@mysql.com,671359408,Linden,7144,Kulykiv,Ukraine,
Amy,Banks,12/15/1997,abankshb@naver.com,857621424,Buena Vista,42617,Shahrak-e Bākharz,Iran,
Alan,Roberts,4/14/1999,arobertshc@weebly.com,572043924,Pearson,842,Mata Grande,Brazil,57540-000
Howard,Holmes,6/19/1977,hholmeshd@rediff.com,819702476,Fuller,260,Desa Werasari,Indonesia,
Lori,Fisher,9/5/1981,lfisherhe@cloudflare.com,554407282,Goodland,54264,Zaliznychne,Ukraine,
Victor,Clark,3/12/1991,vclarkhf@deviantart.com,623998233,Victoria,8861,Dongtundu,China,
Jason,Gardner,6/2/1988,jgardnerhg@chron.com,924112126,Grim,869,Warungsugan,Indonesia,
Jimmy,Cruz,5/24/1983,jcruzhh@furl.net,890969709,Arrowood,376,Shanmuqiao,China,
Patrick,Ross,4/30/1978,prosshi@si.edu,679995597,Vera,88083,Tuchola,Poland,89-501
Harry,Berry,11/14/1992,hberryhj@bloglines.com,848536189,Forest Run,0530,Stare Juchy,Poland,19-330
Albert,Pierce,11/8/1977,apiercehk@apple.com,567965273,Armistice,084,Thành Phố Nam Định,Vietnam,
Carlos,Wilson,4/13/1996,cwilsonhl@parallels.com,941139999,International,6344,Chunxi,China,
Jose,Morgan,5/12/1978,jmorganhm@blogger.com,767408968,Crowley,57,Huanggang,China,
Harold,Bennett,8/19/1981,hbennetthn@bluehost.com,955875515,Prairieview,9,Czerwieńsk,Poland,66-016
Julia,Stanley,5/31/1994,jstanleyho@mac.com,693019477,Norway Maple,845,Bordeaux,France,33036 CEDEX
Frank,Reynolds,8/6/1977,freynoldshp@list-manage.com,889849167,Susan,6,Ḩammām Damt,Yemen,
Willie,Romero,12/4/1988,wromerohq@mlb.com,652745136,Schmedeman,717,Vinkkilä,Finland,23201
Jimmy,Thompson,5/6/1999,jthompsonhr@reuters.com,577316885,Coleman,4,Shangqing,China,
Virginia,Dunn,6/18/1974,vdunnhs@e-recht24.de,689305363,Anniversary,1,Waldbillig,Luxembourg,L-7681
Paula,Graham,11/7/1981,pgrahamht@wikia.com,678733406,Weeping Birch,5260,Karbinci,Macedonia,2207
Judy,Cole,4/28/1997,jcolehu@webeden.co.uk,951470885,Bonner,5337,Zalewo,Poland,14-230
Randy,Bowman,11/23/1976,rbowmanhv@miitbeian.gov.cn,796722486,Walton,5899,Mercedes,Argentina,3470
Nicole,Garza,8/14/1978,ngarzahw@fastcompany.com,694140275,Erie,7,Marovoay,Madagascar,
Andrea,Schmidt,6/8/1987,aschmidthx@elpais.com,991088895,Mccormick,87,Fort Wayne,United States,46852
Jack,Edwards,5/11/1999,jedwardshy@wsj.com,519709056,Kim,199,Canindé,Brazil,62700-000
Nancy,Gutierrez,4/6/1985,ngutierrezhz@wsj.com,928576901,Killdeer,9750,Stupsk,Poland,06-561
Jean,Harris,9/4/1974,jharrisi0@examiner.com,835362956,Meadow Ridge,643,Dijon,France,21040 CEDEX
Kimberly,Spencer,3/25/1978,kspenceri1@toplist.cz,842076785,Fordem,0,Vila Fria,Portugal,4935-804
Ryan,Harris,9/20/1983,rharrisi2@prnewswire.com,540417611,Melody,3957,Annau,Turkmenistan,
Melissa,Reid,1/6/1987,mreidi3@uiuc.edu,858497513,Columbus,9,Höshigiyn-Ar,Mongolia,
Virginia,Reid,12/5/1977,vreidi4@1688.com,529655454,Loeprich,5,Wonodadi,Indonesia,
Craig,Walker,2/18/1977,cwalkeri5@4shared.com,673860128,Southridge,4,Bailang,China,
Tina,Armstrong,1/1/1994,tarmstrongi6@amazon.com,635006545,Hoffman,276,Takahagi,Japan,350-1213
Irene,Henry,3/2/1986,ihenryi7@about.com,629973902,Mayer,6,Jalqamūs,Palestinian Territory,
Beverly,Crawford,4/14/1979,bcrawfordi8@loc.gov,845225636,Leroy,35338,Yongtai,China,
Carol,Martin,9/11/1999,cmartini9@scribd.com,626346906,Clemons,66578,Kuznechikha,Russia,416507
Frank,Garza,11/3/1997,fgarzaia@slate.com,794046009,Oakridge,82,Zyuzino,Russia,142817
Lisa,Arnold,3/18/1987,larnoldib@smugmug.com,995516202,Village Green,82,Kubachi,Russia,368586
Anna,Green,7/31/1995,agreenic@merriam-webster.com,960563718,Fulton,4826,Shtip,Macedonia,2000
Philip,Mills,5/16/1982,pmillsid@sciencedirect.com,585370531,Buena Vista,44,Darong,China,
Christopher,Daniels,2/2/1986,cdanielsie@toplist.cz,704209347,Bashford,83,Cruces,Cuba,
Angela,Austin,7/30/1982,aaustinif@census.gov,527678906,Fairfield,72281,Pangkajene,Indonesia,
Evelyn,Phillips,8/15/1975,ephillipsig@plala.or.jp,930426429,Del Mar,5,Osby,Sweden,283 45
Ryan,Duncan,3/30/1985,rduncanih@github.com,956567014,Russell,69264,Châteaurenard,France,13834 CEDEX
Russell,Bailey,10/7/1970,rbaileyii@bloomberg.com,770327626,Village,3,Volnovakha,Ukraine,
James,Garza,1/4/1983,jgarzaij@java.com,647874014,Scoville,10,Balakhninskiy,Russia,666921
Brenda,Larson,3/17/1980,blarsonik@state.tx.us,628664273,Westend,78,Minle,China,
Irene,Parker,6/23/1994,iparkeril@ca.gov,836644503,Grover,2,Kuala Tuha,Indonesia,
Joyce,Mccoy,3/20/1995,jmccoyim@constantcontact.com,955442733,Hazelcrest,8633,Rovnoye,Russia,413270
Larry,Young,3/11/1971,lyoungin@mapquest.com,777854276,Welch,58,Mbuji-Mayi,Democratic Republic of the Congo,
Donald,Owens,12/27/1986,dowensio@businesswire.com,583464841,Pierstorff,8,Cambebba,Brazil,27570-000
Roy,Bennett,4/8/1974,rbennettip@google.com.br,659812946,Leroy,37,Javalera,Philippines,4114
Donna,Cook,9/7/1978,dcookiq@google.com.hk,862394923,Village,8784,Wuhu,China,
Carol,Freeman,5/2/1974,cfreemanir@technorati.com,856079964,Ridgeview,4,Kotes,Indonesia,
Emily,Vasquez,6/17/1973,evasquezis@gizmodo.com,872491966,Ramsey,331,Znamenka,Russia,393400
Diana,Cole,10/8/1998,dcoleit@quantcast.com,714594037,Anzinger,83,Yangxiang,China,
Katherine,Roberts,3/3/1977,krobertsiu@geocities.com,732130507,Roxbury,5556,Pa Phayom,Thailand,91130
Roger,Perry,3/30/1973,rperryiv@cornell.edu,539535675,7th,3,Stare Pole,Poland,82-220
Dennis,Dixon,11/17/1979,ddixoniw@twitter.com,617869488,Gerald,357,Zhlobin,Belarus,
Bonnie,Ramirez,8/4/1974,bramirezix@mapquest.com,503859558,Magdeline,7,Čelinac,Bosnia and Herzegovina,
Albert,Gonzales,4/1/1989,agonzalesiy@cbslocal.com,519692036,Little Fleur,25493,Pandanwangi,Indonesia,
Ronald,Morgan,9/16/1986,rmorganiz@feedburner.com,557224047,Lakeland,2610,Kedungsinggil,Indonesia,
Jean,Hunter,7/3/1994,jhunterj0@google.de,534468465,Annamark,259,Santa Ignacia,Philippines,2303
Sarah,Hawkins,2/13/1983,shawkinsj1@webs.com,848092905,Eagan,19664,Las Flores,Mexico,30479
Lawrence,Hayes,10/28/1982,lhayesj2@mysql.com,932038177,8th,38,Casal dos Bernardos,Portugal,2435-010
Nicholas,Ortiz,5/12/1989,nortizj3@macromedia.com,736988004,Kinsman,7,Randuboto,Indonesia,
Fred,Jordan,1/31/1993,fjordanj4@goo.ne.jp,816629179,Scott,79035,Herzliyya,Israel,
Fred,Hart,3/7/1992,fhartj5@myspace.com,916170432,Esch,23,Saint-Lô,France,50009 CEDEX
Richard,Hunt,4/20/1989,rhuntj6@spiegel.de,575905655,Armistice,99138,Majan,Indonesia,
Jose,Wells,1/11/1972,jwellsj7@dropbox.com,579989583,Mendota,29,Federal,Argentina,3180
Kathleen,Powell,8/24/1999,kpowellj8@squarespace.com,680894056,Talisman,6547,Gunungpeundeuy,Indonesia,
Kathleen,Warren,9/30/1998,kwarrenj9@businesswire.com,638819395,West,113,Husów,Poland,37-121
Evelyn,Bishop,9/27/1984,ebishopja@myspace.com,885816756,Menomonie,454,Diré,Mali,
Wanda,Lawson,10/13/1989,wlawsonjb@irs.gov,599344437,Monica,08747,Gaspar,Brazil,89110-000
Diane,Ross,7/13/1988,drossjc@slashdot.org,846921448,Doe Crossing,6734,Lipci,Montenegro,
Tammy,Medina,3/25/1990,tmedinajd@dot.gov,683109188,Steensland,03216,Culacling,Philippines,4409
Paul,Turner,5/5/1997,pturnerje@github.com,902008411,Crowley,1,Lusacan,Philippines,4325
Helen,Griffin,11/23/1974,hgriffinjf@instagram.com,747080137,Knutson,54,La Cesira,Argentina,5101
Peter,Foster,4/15/1984,pfosterjg@feedburner.com,875230556,5th,258,Nart,Mongolia,
Beverly,Bennett,11/25/1978,bbennettjh@github.io,633099874,South,82964,Barrancas,Colombia,443049
Thomas,Arnold,12/15/1989,tarnoldji@nsw.gov.au,560538343,Fairview,31793,Caraga,Philippines,3710
Philip,Davis,11/26/1998,pdavisjj@feedburner.com,706128799,Artisan,1,Zhongxin,China,
Gerald,Flores,3/1/1992,gfloresjk@icio.us,761776721,Reindahl,7339,Cisadap,Indonesia,
Louis,Scott,5/20/1982,lscottjl@pbs.org,602709150,Westerfield,47,Pushkino,Russia,413220
Melissa,Henderson,7/11/1977,mhendersonjm@economist.com,621379643,Cody,0922,Sebewe,Indonesia,
Philip,Howard,8/18/1989,phowardjn@businessweek.com,785688990,Farragut,42,Göteborg,Sweden,400 94
Doris,Adams,7/23/1975,dadamsjo@illinois.edu,512321514,Spohn,29226,Necochea,Argentina,7630
Jack,Harper,1/15/1977,jharperjp@blinklist.com,771490985,Grover,08,Blainville,Canada,J7J
Sandra,Simpson,4/17/1977,ssimpsonjq@google.cn,942690355,Milwaukee,43,Barţa‘ah ash Sharqīyah,Palestinian Territory,
Beverly,Berry,11/13/1974,bberryjr@youtu.be,982218336,Nobel,8,Zhiqing Songduo,China,
Todd,Spencer,11/25/1988,tspencerjs@google.es,528176714,Stoughton,3140,Langnga,Indonesia,
Jacqueline,Gonzales,5/7/1979,jgonzalesjt@google.ru,940792601,Green,310,Jianrao,China,
Elizabeth,Tucker,8/30/1985,etuckerju@bizjournals.com,922167379,Shopko,349,Sakata,Japan,979-1504
Jose,Sullivan,6/30/1979,jsullivanjv@cam.ac.uk,838301948,Village,48507,Alhambra,United States,91841
Anne,Ray,5/23/1997,arayjw@dailymail.co.uk,877093040,Lakewood Gardens,89,Banyo,Cameroon,
Diane,King,8/15/1999,dkingjx@reddit.com,705587616,Haas,32870,Chowṉêy,Afghanistan,
Anne,Fernandez,4/7/1977,afernandezjy@howstuffworks.com,546523474,Northfield,51769,Fujiayan,China,
Gary,Black,6/1/1992,gblackjz@thetimes.co.uk,945530036,Waubesa,295,Panzhuang,China,
Laura,Ray,1/14/1980,lrayk0@technorati.com,565290568,Forster,44689,Roma,Italy,00196
Alan,Gilbert,6/26/1994,agilbertk1@dropbox.com,838520533,Alpine,49,Albacete,Spain,02005
Jane,Ramos,2/25/1986,jramosk2@pinterest.com,926741051,Sutteridge,2090,Odesskoye,Russia,646860
Wanda,Stewart,2/18/1982,wstewartk3@tmall.com,518131842,Carioca,43423,Xinxian,China,
Daniel,Gonzalez,10/2/1988,dgonzalezk4@cornell.edu,522816505,Mayer,71839,Dassa-Zoumé,Benin,
Judith,Gomez,4/11/1992,jgomezk5@goo.ne.jp,588400234,Oriole,849,Kargowa,Poland,66-120
Beverly,Warren,2/2/1991,bwarrenk6@xinhuanet.com,627140275,Corry,21,Podbrdo,Bosnia and Herzegovina,
Terry,Stanley,11/20/1971,tstanleyk7@paypal.com,638943569,Birchwood,29983,Gândara,Portugal,3450-405
Gary,Cunningham,11/23/1984,gcunninghamk8@oracle.com,920300328,Harbort,85,Himanka,Finland,68100
Jane,Brooks,9/18/1991,jbrooksk9@jugem.jp,986441848,Prairie Rose,04,Merapit,Indonesia,
Michael,Cole,12/18/1982,mcoleka@engadget.com,999724937,Kingsford,19,Cereté,Colombia,230559
Ernest,Williams,6/13/1972,ewilliamskb@yelp.com,723931095,Emmet,4239,Huatajata,Bolivia,
Emily,Mccoy,1/22/1995,emccoykc@mediafire.com,748321632,Carioca,8749,Vladimirskaya,Russia,385700
Norma,Chavez,12/3/1991,nchavezkd@boston.com,542527383,Sutteridge,48,Vladislav,Czech Republic,675 01
Stephen,Nelson,3/6/1979,snelsonke@hexun.com,969189646,Kingsford,919,Pan de Azúcar,Uruguay,
Kathleen,Wagner,3/3/1990,kwagnerkf@google.it,725289429,Blackbird,7347,Planken,Liechtenstein,9498
Jonathan,Holmes,3/22/1985,jholmeskg@goo.ne.jp,619002866,John Wall,63880,Arras,Albania,
Joe,Simpson,2/9/1991,jsimpsonkh@webmd.com,653696878,Tennessee,81,Zhushan,China,
Russell,Dunn,7/5/1992,rdunnki@earthlink.net,520799597,Mosinee,44375,Niaohe,China,
Peter,Hamilton,7/23/1985,phamiltonkj@photobucket.com,902372291,Loeprich,3,Kadugadung,Indonesia,
Katherine,Torres,1/28/1975,ktorreskk@dyndns.org,918685291,Waywood,68786,Xiangzhou,China,
Donald,Ruiz,1/4/1997,druizkl@biglobe.ne.jp,814778678,Nancy,18,Tucurú,Guatemala,16006
Joan,Day,2/6/1980,jdaykm@typepad.com,987339810,Maywood,3180,Srostki,Russia,659375
Anthony,Rivera,12/11/1987,ariverakn@archive.org,751781681,Caliangt,074,San Juan del Cesar,Colombia,444038
Kathryn,Scott,10/7/1974,kscottko@buzzfeed.com,891091529,Goodland,7870,Las Higueras,Argentina,5385
Billy,Robinson,3/19/1981,brobinsonkp@sun.com,737175868,Sheridan,6,Kargasok,Russia,636708
Katherine,Bradley,3/31/1985,kbradleykq@rambler.ru,587805153,Badeau,49,Špišić-Bukovica,Croatia,33405
Michael,Kelly,9/24/1999,mkellykr@ezinearticles.com,603584592,Ridgeview,6420,Mugumu,Tanzania,
Norma,Jones,9/27/1978,njonesks@ucla.edu,866886744,Forster,5,Tiraspol,Moldova,MD-3300
Jeffrey,Robertson,7/8/1988,jrobertsonkt@upenn.edu,590712927,Lukken,471,Jianshe,China,
Maria,Ray,2/8/1973,mrayku@bizjournals.com,950520221,Pankratz,758,Yambrasbamba,Peru,
Ruth,Schmidt,1/15/1995,rschmidtkv@sphinn.com,581465190,Graedel,439,Bangjun,China,
Carol,Mccoy,4/7/1999,cmccoykw@ameblo.jp,729921788,Raven,5000,Qianxu Zhen,China,
Jeremy,Lawson,3/28/1973,jlawsonkx@prlog.org,902741273,Clarendon,50664,Rennes,France,35076 CEDEX 9
Bobby,Porter,2/27/1978,bporterky@hubpages.com,624488053,Pearson,85670,Sapphaya,Thailand,17140
Sara,Stewart,12/20/1990,sstewartkz@bigcartel.com,870330678,Sugar,75248,Nanfeng,China,
Pamela,Lawson,3/21/1974,plawsonl0@ustream.tv,667583797,Fieldstone,121,Borås,Sweden,507 10
Brenda,Sullivan,4/2/1987,bsullivanl1@bbc.co.uk,699662094,Crescent Oaks,774,Corrientes,Argentina,3400
Louise,Sanders,8/3/1982,lsandersl2@51.la,768393101,Thierer,6974,Oni,Indonesia,
Maria,Williamson,7/19/1990,mwilliamsonl3@reddit.com,830853571,Artisan,4076,Guaxupé,Brazil,37800-000
Peter,Ryan,10/15/1977,pryanl4@msn.com,508425020,Steensland,8,Czarna Woda,Poland,83-262
Dennis,Berry,12/1/1999,dberryl5@census.gov,992904984,Elmside,7211,Cangchang,China,
Anna,Ferguson,5/27/1981,afergusonl6@rambler.ru,737773860,Shelley,77489,Gulrip’shi,Georgia,
Kevin,Gonzalez,1/11/1986,kgonzalezl7@woothemes.com,657676020,Portage,672,Pavino,Russia,157650
Angela,Williamson,9/8/1974,awilliamsonl8@ucoz.com,766524334,Hansons,8978,Strumica,Macedonia,2400
Amy,Walker,2/18/1973,awalkerl9@elegantthemes.com,621573037,Ridgeway,70374,Estique,Peru,
Doris,Castillo,4/17/1980,dcastillola@1und1.de,882542415,Vermont,7,Baqiao,China,
Todd,Gonzales,7/13/1997,tgonzaleslb@slideshare.net,904570863,Sloan,663,Arauco,Argentina,5311
Catherine,Shaw,9/5/1973,cshawlc@wikispaces.com,623953382,Fuller,2,Shangmachang,China,
Justin,Rice,12/22/1995,jriceld@wp.com,786368642,Trailsway,41,Cahul,Moldova,MD-3917
Anthony,Berry,2/6/1985,aberryle@typepad.com,581657396,Namekagon,18,Monastirákion,Greece,
Rebecca,Ray,2/20/1978,rraylf@jimdo.com,924350979,Graedel,7813,La Plaine-Saint-Denis,France,93571 CEDEX
Lillian,Cooper,9/20/1987,lcooperlg@discovery.com,823715476,Judy,8,Rafaela,Argentina,2300
Eugene,Willis,2/2/1983,ewillislh@google.cn,866148212,Vermont,60709,Choszczno,Poland,73-201
Jeffrey,Wright,3/16/1988,jwrightli@yahoo.co.jp,935295108,Hanover,487,Radocza,Poland,34-105
Earl,Fisher,7/31/1992,efisherlj@amazon.de,506388690,Meadow Vale,0,Columbus,United States,31914
Louis,Garrett,10/22/1979,lgarrettlk@geocities.jp,737163087,Blackbird,37,Lunec,Philippines,2430
Howard,Perez,2/19/1978,hperezll@kickstarter.com,979376122,South,0108,Jinhui,China,
Karen,Baker,5/16/1985,kbakerlm@cafepress.com,569128249,Armistice,0091,Parintins,Brazil,69150-000
Sean,Matthews,4/9/1989,smatthewsln@reference.com,586307374,Longview,4,Dahuangwei,China,
Gary,Jacobs,11/28/1977,gjacobslo@networksolutions.com,884492625,Oakridge,9,Sukahening,Indonesia,
Michael,Garcia,10/7/1981,mgarcialp@desdev.cn,830399842,Arapahoe,3,Yurovka,Russia,353426
Jennifer,Washington,5/16/1975,jwashingtonlq@ibm.com,966354404,Nobel,4254,Wuyao,China,
Andrea,Hunt,6/1/1975,ahuntlr@theguardian.com,864163912,Dayton,0989,Puerto Colombia,Colombia,941047
Christina,Day,3/1/1988,cdayls@ed.gov,798913950,Summerview,305,Kalilangan,Philippines,8718
Emily,Carr,1/14/1973,ecarrlt@zdnet.com,634572658,Burrows,60,Newport News,United States,23612
Susan,Sanders,10/6/1985,ssanderslu@pbs.org,982429521,Ridgeway,234,Pentaplátano,Greece,
Willie,Reyes,6/29/1992,wreyeslv@sfgate.com,595951786,American Ash,31,Lille,France,59865 CEDEX 9
Ann,Richardson,4/12/1975,arichardsonlw@comcast.net,945528760,Esch,512,Baro,Philippines,2445
Juan,Hawkins,12/23/1991,jhawkinslx@seattletimes.com,868850083,Summit,8044,Maribong,Philippines,5042
Fred,Woods,11/8/1980,fwoodsly@theglobeandmail.com,635924521,Northview,9,Maloarkhangel’sk,Russia,303370
Raymond,Welch,11/7/1983,rwelchlz@mayoclinic.com,747381380,Fair Oaks,3,Māsāl,Iran,
Fred,White,1/9/1980,fwhitem0@slashdot.org,893668052,2nd,7,Fatumnasi,Indonesia,
Heather,Russell,6/29/1976,hrussellm1@illinois.edu,653309248,Acker,37345,Zhenqian,China,
Henry,Phillips,2/9/2000,hphillipsm2@businesswire.com,993486128,Oriole,7,Pisz,Poland,12-201
Carol,Hamilton,10/11/1978,chamiltonm3@csmonitor.com,894729984,Scoville,0,Boldumsaz,Turkmenistan,
Douglas,Ford,4/1/1999,dfordm4@seattletimes.com,807325024,Northland,1550,Goundam,Mali,
Douglas,Cole,9/11/1985,dcolem5@is.gd,683103164,Sage,3,Evansville,United States,47732
Carl,Frazier,7/1/1992,cfrazierm6@tiny.cc,609022170,Reindahl,46869,Lyuban’,Russia,187052
Randy,Holmes,2/2/1984,rholmesm7@tinyurl.com,786316602,Nevada,8,La Huaca,Peru,
Clarence,Hunter,1/28/1989,chunterm8@earthlink.net,513167384,North,28311,Leiyang,China,
Judy,Carr,1/6/1977,jcarrm9@unblog.fr,524473822,Morrow,24,Kitui,Kenya,
Billy,Collins,11/4/1971,bcollinsma@printfriendly.com,849586479,Eggendart,64008,Saraqinishtë,Albania,
Norma,Cox,2/24/1988,ncoxmb@wunderground.com,638417502,Hagan,7006,Manorom,Thailand,17110
James,Simpson,1/9/1976,jsimpsonmc@hhs.gov,885210368,Gerald,0269,Guarulhos,Brazil,07000-000
Paula,Lawson,11/14/1982,plawsonmd@census.gov,652312192,Lunder,5448,Fraile Pintado,Argentina,4506
Andrea,Fisher,9/16/1990,afisherme@linkedin.com,922864891,Dunning,8,San Francisco,Bolivia,
Harold,Gonzalez,3/27/1994,hgonzalezmf@springer.com,679129167,Amoth,2,Minneapolis,United States,55417
Lisa,Hill,4/8/1989,lhillmg@amazon.com,649595129,Heath,59599,Jetis,Indonesia,
Deborah,Young,8/14/1996,dyoungmh@purevolume.com,736457078,Orin,9,Höganäs,Sweden,263 36
Peter,Hanson,4/19/1991,phansonmi@blogtalkradio.com,578122040,Autumn Leaf,82774,Haebaru,Japan,904-2311
Charles,Rice,4/6/1981,cricemj@microsoft.com,581342229,Esch,14,Lawa-an,Philippines,5706
Susan,Murray,8/16/1976,smurraymk@google.com.hk,781558127,Nevada,24878,Taunoa,French Polynesia,
Andrea,Fields,9/20/1970,afieldsml@is.gd,603965435,Dorton,693,Rožďalovice,Czech Republic,289 34
Jack,Dunn,10/11/1981,jdunnmm@mapy.cz,818349563,Bunker Hill,8972,Longsha,China,
Bonnie,Howell,2/9/1997,bhowellmn@thetimes.co.uk,929777076,Arrowood,0,Henggang,China,
Frank,Simpson,1/26/1972,fsimpsonmo@europa.eu,719364811,Lakewood,6,New York City,United States,10270
Teresa,Sanders,7/10/1999,tsandersmp@rakuten.co.jp,674445096,Golf,081,Novonikol’sk,Russia,692557
Susan,Green,5/30/1970,sgreenmq@wisc.edu,907016406,Hoepker,3406,Cahors,France,46091 CEDEX 9
Kathryn,Foster,5/17/1990,kfostermr@ycombinator.com,655267571,Logan,2,Bomomani,Indonesia,
Richard,Harvey,10/12/1972,rharveyms@bloomberg.com,869504321,Washington,8,Dzaoudzi,Mayotte,97615
Timothy,Marshall,2/27/1990,tmarshallmt@google.pl,963972535,Northfield,259,Sherbrooke,Canada,J1K
Bruce,Warren,5/10/1970,bwarrenmu@sina.com.cn,759160607,Barnett,7399,Stara Kornica,Poland,08-205
Ernest,Cook,4/11/1976,ecookmv@nyu.edu,912154635,Marquette,518,Huo’erqi,China,
Doris,Hernandez,12/18/1989,dhernandezmw@ocn.ne.jp,639629660,Portage,3234,Těšetice,Czech Republic,783 46
Jacqueline,Williams,12/27/1993,jwilliamsmx@seesaa.net,702169873,Londonderry,5677,Cimonyong,Indonesia,
Joseph,Morris,6/28/1972,jmorrismy@webs.com,666735274,Ohio,27020,Toulon,France,83092 CEDEX
Kathy,Carter,2/28/1983,kcartermz@admin.ch,994340620,Carpenter,724,Srpska Crnja,Serbia,
Sharon,Fowler,5/28/1997,sfowlern0@instagram.com,536491219,Columbus,1553,Duyanggang,China,
Tammy,Palmer,3/7/1993,tpalmern1@ameblo.jp,587732804,Golf View,0210,Tianzhen,China,
Jeffrey,Holmes,10/28/1976,jholmesn2@marketwatch.com,867591892,Weeping Birch,2,Kozje,Slovenia,3260
Douglas,Ramirez,8/9/1999,dramirezn3@narod.ru,526650723,Walton,91103,Zhoujia,China,
Louise,Mason,4/18/1981,lmasonn4@google.nl,914243108,Erie,2,Bunawan,Philippines,8506
Margaret,Dixon,2/22/1998,mdixonn5@youtu.be,685912761,Prairie Rose,549,Mae Chan,Thailand,57110
Fred,Murphy,8/1/1973,fmurphyn6@ihg.com,731453881,Texas,26,Huidong,China,
Philip,Lewis,1/5/1982,plewisn7@vinaora.com,867352792,Gina,812,Albany,United States,31704
Judy,Mcdonald,2/1/1996,jmcdonaldn8@4shared.com,787102230,Mallory,945,Krasnoye,Russia,652577
Sarah,Clark,1/9/1977,sclarkn9@businessinsider.com,799749357,Mcbride,98,Yushan,China,
Benjamin,Green,12/9/1990,bgreenna@rambler.ru,508138559,Schurz,9,Gongchang,China,
Brandon,Woods,3/28/1992,bwoodsnb@twitter.com,757598578,Dovetail,62,Yugang,China,
Fred,Bishop,9/25/1990,fbishopnc@i2i.jp,592108374,Kropf,8,Alis,Peru,
Roy,Miller,4/2/1981,rmillernd@bing.com,834971474,Iowa,9946,Nancy,France,54009 CEDEX
Marie,Baker,6/30/1997,mbakerne@cnn.com,923660314,Fordem,27134,Velké Bílovice,Czech Republic,691 02
Ryan,Brooks,11/15/1991,rbrooksnf@upenn.edu,830320554,Mariners Cove,852,Bŭka,Uzbekistan,
Lori,Romero,3/23/1995,lromerong@i2i.jp,587588435,Raven,55397,Jungutbatu Kaja Dua,Indonesia,
Jessica,Castillo,11/29/1976,jcastillonh@php.net,744635311,Bultman,1410,Fovissste,Mexico,40400
Samuel,Evans,5/19/1994,sevansni@hp.com,614037132,Muir,79,Coronel,Chile,
Kathy,Kim,6/20/1974,kkimnj@lycos.com,537447536,Karstens,83844,Taraju,Indonesia,
Wayne,Medina,10/9/1996,wmedinank@umich.edu,860987174,Crest Line,1,Sherbrooke,Canada,J1K
Ann,Alvarez,2/29/1980,aalvareznl@mayoclinic.com,913676741,Summer Ridge,354,Greenhills,Ireland,D6W
Judy,Graham,6/17/1979,jgrahamnm@statcounter.com,666676926,Larry,3,Carregal,Portugal,3800-854
Jane,King,1/20/1990,jkingnn@fotki.com,875207855,Bay,7,Santo Domingo,Philippines,4508
Anthony,Kim,6/5/1986,akimno@home.pl,664472997,Lillian,243,Junik,Kosovo,
Catherine,Graham,8/27/1994,cgrahamnp@bloglovin.com,828299214,Calypso,61,Dhromolaxia,Cyprus,
Paul,Collins,7/14/1991,pcollinsnq@arstechnica.com,951970862,Marquette,446,Tobi Village,Palau,
Barbara,Ortiz,8/19/1983,bortiznr@cpanel.net,565040316,Memorial,6088,Dongyuan,China,
Paula,Boyd,12/4/1995,pboydns@telegraph.co.uk,698112662,Sauthoff,594,Kisai,Japan,347-0105
Kevin,Hart,11/12/1979,khartnt@deviantart.com,997826955,Huxley,50,Yunluo,China,
Russell,Harper,8/31/1999,rharpernu@washingtonpost.com,551905780,Center,27503,Ngorongoro,Tanzania,
Gloria,Day,4/14/1971,gdaynv@redcross.org,810720604,Becker,5460,Lenart v Slov. Goricah,Slovenia,2235
Harold,Watson,3/9/2000,hwatsonnw@ezinearticles.com,700936524,Northridge,6,Harper,Liberia,
Jeffrey,Young,2/28/1991,jyoungnx@census.gov,680011956,Atwood,0841,Tonkino,Russia,612720
Joyce,Shaw,10/7/1981,jshawny@gnu.org,767922189,Shelley,664,Sindang,Indonesia,
Ashley,Baker,9/15/1997,abakernz@techcrunch.com,525493249,Randy,69,Horizonte,Brazil,62880-000
Debra,Ford,7/30/1996,dfordo0@scientificamerican.com,958949319,Maple,293,Wangwu,China,
Barbara,Dixon,12/28/1999,bdixono1@wikispaces.com,907857977,Service,835,Fengjiang,China,
Jane,Walker,5/14/1974,jwalkero2@google.co.jp,737875897,Service,80244,Dārchulā,Nepal,
Brandon,Jacobs,6/29/1973,bjacobso3@sakura.ne.jp,794574026,Badeau,84801,Yizhivtsi,Ukraine,
Bonnie,Hawkins,4/8/1999,bhawkinso4@technorati.com,517121625,Chinook,01455,Erba,China,
Chris,Hughes,1/4/1994,chugheso5@europa.eu,945445997,Pond,2922,Krouna,Czech Republic,539 43
Debra,Hill,6/20/1998,dhillo6@qq.com,743880363,Clyde Gallagher,3490,Göteborg,Sweden,417 17
Aaron,Young,4/17/1992,ayoungo7@sogou.com,701956424,Anderson,50,Brodnica,Poland,87-302
Chris,Reynolds,2/20/1973,creynoldso8@people.com.cn,517620411,Cordelia,9,Zelenograd,Russia,143912
Scott,Hudson,7/22/1972,shudsono9@house.gov,835664188,Loomis,5,Södertälje,Sweden,151 22
Frank,Morris,8/29/1987,fmorrisoa@redcross.org,991469857,Bayside,871,Sabhā,Libya,
Bobby,Lee,2/28/1976,bleeob@mayoclinic.com,721298767,Commercial,240,Olds,Canada,T4H
Amy,Parker,9/11/1992,aparkeroc@netvibes.com,937336386,Ridge Oak,48,Kavadarci,Macedonia,1430
Carol,Stone,6/28/1993,cstoneod@drupal.org,791872007,Kropf,3234,Buenavista,Philippines,8601
Judith,Jones,5/11/1997,jjonesoe@buzzfeed.com,887756310,Melody,74023,Balta,Ukraine,
Mildred,Thompson,12/20/1990,mthompsonof@cafepress.com,923943734,Golf Course,71302,Cunday,Colombia,734048
Donald,Garza,4/10/1992,dgarzaog@yahoo.com,557628761,Holy Cross,4,Rautjärvi,Finland,56610
Jacqueline,Garcia,3/10/1983,jgarciaoh@dropbox.com,945689592,Randy,0204,Karanganyar,Indonesia,
Michael,Black,10/16/1974,mblackoi@naver.com,816210755,Hansons,271,Baş Göynük,Azerbaijan,
Kathryn,Boyd,4/6/1987,kboydoj@theguardian.com,513457075,Meadow Valley,65,Bolyarovo,Bulgaria,8736
Ronald,Boyd,9/10/1970,rboydok@hc360.com,676390929,Duke,1,Xincheng,China,
Robin,Harrison,7/11/1993,rharrisonol@pbs.org,863887459,Lotheville,07952,Urjala,Finland,31761
Douglas,Bradley,10/1/1981,dbradleyom@google.co.uk,755835813,East,8,Jiucheng,China,
Adam,Dixon,2/8/1974,adixonon@wordpress.org,643367332,Rutledge,36,Daduo,China,
Paula,Campbell,11/29/1982,pcampbelloo@microsoft.com,893677416,Mayfield,7,Yirga ‘Alem,Ethiopia,
Judy,Scott,4/20/1982,jscottop@unicef.org,525232930,Oneill,81446,Nîmes,France,30935 CEDEX 9
Russell,Dixon,12/7/1995,rdixonoq@marketwatch.com,940119183,Goodland,731,Aş Şalw,Yemen,
Shirley,Lee,3/2/2000,sleeor@phoca.cz,697369276,Homewood,244,Oliveirinha,Portugal,3810-856
Todd,Ward,2/10/1997,twardos@cloudflare.com,971022880,Fieldstone,14,Bang Pakong,Thailand,24130
Carol,Bradley,5/15/1998,cbradleyot@behance.net,809005906,Victoria,98,San Diego,United States,92127
Marie,Murphy,3/6/1978,mmurphyou@github.com,564643188,Boyd,38,Frakulla e Madhe,Albania,
Marie,Kennedy,4/14/1973,mkennedyov@ocn.ne.jp,672665642,Kedzie,900,Nizhnyaya Maktama,Russia,423440
Anna,Torres,5/18/1971,atorresow@google.pl,706644392,Mayer,76179,Pingxiang,China,
Ryan,Stewart,12/3/1985,rstewartox@usnews.com,894309379,Grayhawk,7347,Encruzilhada do Sul,Brazil,96610-000
Roy,Walker,2/17/1974,rwalkeroy@springer.com,596990027,Harbort,2,Yuchi,China,
Chris,Murphy,11/6/1982,cmurphyoz@github.io,651520138,Golden Leaf,77116,Yangcun,China,
Maria,Rose,9/30/1986,mrosep0@artisteer.com,936047428,Messerschmidt,34,Chigan,China,
Joyce,Armstrong,6/5/1989,jarmstrongp1@cmu.edu,769315487,David,37,Dinahican,Philippines,0850
Sharon,Carr,4/7/1992,scarrp2@rediff.com,624383639,Oak Valley,90,Parychy,Belarus,
Timothy,Gomez,11/26/1999,tgomezp3@google.pl,604108482,Basil,91,Moss,Norway,1531
Phillip,Nichols,2/13/1979,pnicholsp4@yellowbook.com,515188534,Oneill,90920,Mendī,Ethiopia,
Joshua,Thompson,6/29/1972,jthompsonp5@sakura.ne.jp,648336327,Harper,90,Sayapullo,Peru,
Justin,Butler,5/19/1983,jbutlerp6@harvard.edu,976627976,Fairfield,12,Solntsevo,Russia,309615
Larry,Sullivan,1/12/1975,lsullivanp7@google.it,519738790,Sullivan,888,Oliveira do Conde,Portugal,3430-345
Nicole,Wheeler,10/11/1971,nwheelerp8@earthlink.net,518820006,Wayridge,66,Hexi,China,
Alan,Johnston,12/28/1982,ajohnstonp9@omniture.com,757393571,Logan,1762,El Monte,Chile,
Martha,Hall,2/13/1997,mhallpa@dot.gov,526978919,Tomscot,5,Pampachiri,Peru,
Shirley,Morales,7/1/1973,smoralespb@census.gov,803697739,Maple,41682,Sabanalarga,Colombia,855058
Justin,Chavez,7/2/1993,jchavezpc@amazon.co.uk,849228249,Steensland,325,Pākpattan,Pakistan,54950
Nancy,Welch,4/12/1994,nwelchpd@narod.ru,762879522,Oneill,8458,Ono,Japan,989-1505
Peter,Reynolds,3/1/1977,preynoldspe@mtv.com,861175908,Brentwood,66,Xianghua,China,
Ruby,Hart,1/14/1977,rhartpf@mit.edu,961918962,School,09,Dumaguil,Philippines,9510
Kenneth,Ford,3/7/1975,kfordpg@comcast.net,830861035,Morrow,845,Zekou,China,
Clarence,Morales,4/10/1988,cmoralesph@purevolume.com,575423503,Continental,6171,Sarzedo,Portugal,3300-405
Matthew,Castillo,6/26/1999,mcastillopi@jiathis.com,986382532,Ridgeway,572,Changjiang,China,
Michelle,Black,5/23/1991,mblackpj@wikia.com,813622326,Menomonie,0,Al Balyanā,Egypt,
Ralph,Carter,11/4/1985,rcarterpk@slideshare.net,678243299,Buhler,935,Malin,China,
Charles,Turner,1/20/1990,cturnerpl@blogtalkradio.com,606277252,Novick,36697,Oslo,Norway,0173
Joan,Frazier,10/28/1972,jfrazierpm@quantcast.com,623100052,Mitchell,0434,Valongo,Portugal,5400-339
Sandra,Stanley,2/4/1991,sstanleypn@si.edu,884274262,Myrtle,384,Gunungangka,Indonesia,
Laura,Walker,6/11/1990,lwalkerpo@smh.com.au,732183327,Meadow Ridge,9051,Betong,Thailand,95110
Roger,White,11/3/1973,rwhitepp@dmoz.org,811257324,Kennedy,79,Canton,United States,44710
Catherine,Howell,10/22/1997,chowellpq@amazonaws.com,635636934,Messerschmidt,693,Kramfors,Sweden,872 24
Rachel,Allen,12/1/1997,rallenpr@ucsd.edu,810388869,Stoughton,9948,Staroshcherbinovskaya,Russia,353624
Catherine,Jones,8/27/1993,cjonesps@state.tx.us,936007938,Cottonwood,49594,Totolan,Philippines,6346
Patricia,Wallace,5/27/1984,pwallacept@jalbum.net,564927739,Grover,53,Helsingborg,Sweden,252 30
Evelyn,Welch,5/22/1975,ewelchpu@is.gd,721463912,Mandrake,6558,Whittier,United States,90605
Raymond,King,11/21/1986,rkingpv@4shared.com,754177277,Leroy,6444,Xianghuaqiao,China,
Evelyn,Robertson,4/30/1982,erobertsonpw@mtv.com,729770524,Hermina,2,Ramada,Portugal,2620-188
Frances,Spencer,9/20/1997,fspencerpx@discuz.net,543809405,Karstens,529,Ljusdal,Sweden,827 24
Gregory,Garrett,12/27/1983,ggarrettpy@home.pl,521007089,Merry,3,Cache Creek,Canada,N1G
Katherine,Lawson,4/22/1977,klawsonpz@vimeo.com,965494808,Troy,83,Angkimang,Indonesia,
Howard,Butler,12/5/1989,hbutlerq0@epa.gov,517215788,Brickson Park,59325,Embu,Brazil,06800-000
Richard,Porter,10/13/1999,rporterq1@amazon.co.jp,577543165,Brentwood,8,Impendle,South Africa,3228
Elizabeth,Payne,4/21/1982,epayneq2@csmonitor.com,520321013,Hauk,1,Bulqizë,Albania,
Frank,White,12/1/1978,fwhiteq3@acquirethisname.com,762136265,Vahlen,6410,Kembang,Indonesia,
Mary,Duncan,2/16/1988,mduncanq4@dailymail.co.uk,553058082,Gulseth,83912,Cedynia,Poland,74-520
Gregory,Ellis,1/22/1999,gellisq5@jimdo.com,856694237,Chive,38,Abóboda,Portugal,2785-019
Daniel,Garrett,10/31/1993,dgarrettq6@statcounter.com,679939375,Randy,5915,Changgucheng,China,
Douglas,Cox,12/25/1974,dcoxq7@scribd.com,978556038,Warbler,5,Baška Voda,Croatia,21320
Stephen,Bowman,8/13/1991,sbowmanq8@dailymail.co.uk,782901147,Cottonwood,0553,Rauma,Finland,26820
Shawn,Little,4/29/1987,slittleq9@wix.com,585072980,David,70,Penanggapan,Indonesia,
David,Lawson,10/14/1987,dlawsonqa@posterous.com,888637965,North,610,Pueai Noi,Thailand,40340
Joan,Jordan,2/13/1975,jjordanqb@bloomberg.com,689712126,Hauk,6,Ārt Khwājah,Afghanistan,
Paula,Carter,5/21/1985,pcarterqc@blogtalkradio.com,615781201,Leroy,7,Watublapi,Indonesia,
Ruth,Peters,9/14/1986,rpetersqd@oakley.com,773671725,Fordem,02,Guangshan,China,
Kathryn,Russell,12/22/1987,krussellqe@ehow.com,706042186,Westend,95,Grindavík,Iceland,240
Johnny,Riley,6/10/1975,jrileyqf@ezinearticles.com,649814200,Orin,279,Šabac,Serbia,
Gloria,Murphy,9/20/1985,gmurphyqg@acquirethisname.com,674066018,Linden,8,Sotnikovskoye,Russia,356403
Lawrence,Stevens,4/1/1971,lstevensqh@un.org,698390023,Elka,3,Dongxiao,China,
Ralph,Davis,10/9/1986,rdavisqi@yahoo.com,554174295,Northview,4,Trakan Phut Phon,Thailand,90120
Julie,Scott,2/9/1985,jscottqj@jiathis.com,557204735,Cordelia,6148,Ðà Lạt,Vietnam,
Kathryn,Evans,6/10/1975,kevansqk@live.com,694311474,Spohn,973,Pingtian,China,
Shirley,Welch,11/1/1972,swelchql@chronoengine.com,582336555,Marquette,29469,Librazhd-Qendër,Albania,
Julie,Hanson,1/18/1980,jhansonqm@theatlantic.com,829109571,Menomonie,6,Zhenzhushan,China,
Deborah,Rodriguez,11/27/1973,drodriguezqn@state.tx.us,527344411,La Follette,0,Sam Phran,Thailand,73110
Anthony,Gonzales,3/13/1973,agonzalesqo@booking.com,681571691,Westport,8373,Luokeng,China,
Raymond,West,12/7/1983,rwestqp@yahoo.com,881336394,Melody,828,Mehmand Chak,Pakistan,50281
Frank,Fuller,12/13/1989,ffullerqq@google.com.hk,868190586,Delaware,4208,Sevan,Armenia,
Timothy,Fields,1/9/1984,tfieldsqr@sohu.com,930651508,Duke,24,Wushi,China,
Brian,Stewart,5/15/1999,bstewartqs@hexun.com,568994394,2nd,4,Maigo,Philippines,9206
Cynthia,Wells,7/31/1992,cwellsqt@wikispaces.com,705888062,Lighthouse Bay,2583,Margaharja,Indonesia,
Gloria,Ray,11/4/1992,grayqu@gravatar.com,763920627,Transport,98,Avon,France,77214 CEDEX
John,George,11/25/1971,jgeorgeqv@de.vu,928831598,Summerview,45,Libenge,Democratic Republic of the Congo,
Kathy,Woods,12/8/1972,kwoodsqw@jiathis.com,887748734,Di Loreto,527,Kerrobert,Canada,T1P
Katherine,Griffin,2/6/1990,kgriffinqx@hugedomains.com,881065977,Maple Wood,18612,Longtian,China,
Daniel,Moore,4/3/1978,dmooreqy@vistaprint.com,560200229,Pennsylvania,5810,Loboniki,Indonesia,
Ralph,Jordan,7/2/1999,rjordanqz@wikimedia.org,504706045,Ronald Regan,68826,Nehe,China,
Roger,Bell,1/31/2000,rbellr0@unc.edu,703638076,Graedel,000,Wuyang,China,
Henry,Chapman,6/16/1998,hchapmanr1@macromedia.com,851250233,Burning Wood,11899,Parikkala,Finland,59101
Roy,Griffin,7/24/1973,rgriffinr2@google.it,827650491,Anniversary,8,Rietavas,Lithuania,90018
Virginia,Kennedy,2/14/1987,vkennedyr3@github.io,820318462,Valley Edge,7,Penanggapan,Indonesia,
Anthony,Cole,12/19/1985,acoler4@chronoengine.com,881042500,Anthes,2,Göteborg,Sweden,415 22
Arthur,Williams,10/15/1992,awilliamsr5@sina.com.cn,530260505,Forest,93917,Boyany,Ukraine,
Joan,Robinson,8/9/1997,jrobinsonr6@cam.ac.uk,732706930,Sunfield,06,Banaba,Philippines,4125
Katherine,Mccoy,7/18/1981,kmccoyr7@drupal.org,743221422,Veith,062,Tucson,United States,85715
Scott,Reynolds,9/7/1999,sreynoldsr8@mit.edu,919726308,Scofield,76460,Mölndal,Sweden,431 49
Jesse,Henderson,7/27/1995,jhendersonr9@creativecommons.org,660130735,Bonner,2079,Duyure,Honduras,
Frances,Mitchell,8/1/1993,fmitchellra@phpbb.com,550254950,6th,7,Kafr Miṣr,Israel,
Gloria,Fowler,2/5/1990,gfowlerrb@4shared.com,797294417,Anniversary,3428,Limulan,Philippines,9808
Phyllis,Rogers,3/4/1988,progersrc@apple.com,821842673,Parkside,499,Ševica,Serbia,
Raymond,Ross,6/11/1972,rrossrd@hugedomains.com,864682513,Lawn,6,Tiancheng,China,
Harold,Walker,2/17/1973,hwalkerre@topsy.com,878145669,Waywood,02114,Niquero,Cuba,
Karen,Banks,4/22/1984,kbanksrf@home.pl,801834597,Susan,5278,Astara,Azerbaijan,
Jessica,Lane,8/13/1978,jlanerg@indiegogo.com,899866086,Hanson,81513,Santa María del Real,Honduras,
Elizabeth,Franklin,9/8/1975,efranklinrh@weibo.com,560611327,5th,9533,Sigaboy,Philippines,7116
Diana,Simpson,10/21/1980,dsimpsonri@drupal.org,549687376,Dennis,48380,Chengqu,China,
Helen,Romero,1/29/1972,hromerorj@google.it,925014888,Lawn,8164,Sanli,China,
Denise,Green,5/20/1980,dgreenrk@domainmarket.com,775166201,Northview,1,Acarí,Peru,
Kimberly,Frazier,7/19/1982,kfrazierrl@acquirethisname.com,737963964,Vera,04632,Narsaq,Greenland,3921
Brenda,Hansen,6/30/1984,bhansenrm@1688.com,783186039,Ilene,1,Gongdao,China,
Christine,Cole,4/30/1992,ccolern@uiuc.edu,589372286,Ilene,650,Waru Selatan,Indonesia,
Donald,Hughes,6/14/1972,dhughesro@unc.edu,765645086,Bowman,88,Divinópolis,Brazil,35500-000
Ralph,Kelly,12/21/1991,rkellyrp@wordpress.com,761830316,New Castle,069,Isiolo,Kenya,
Sarah,Dixon,9/13/1991,sdixonrq@lulu.com,665804638,Menomonie,476,Voskresenskoye,Russia,606735
Mary,Perry,1/17/1993,mperryrr@hhs.gov,676010072,Troy,97608,Atlanta,United States,31119
